File ID	File Name	Data Category	Data Type	Project ID	Case ID	Sample ID	Tissue Type	Tumor Descriptor	Specimen Type	Preservation Method
3471a0e0-078e-421b-bfc2-697c24d4193d	TCGA-E1-5319-01A-01R-1895-13_mirna_gdc_realn.bam	Sequencing Reads	Aligned Reads	TCGA-LGG	TCGA-E1-5319	TCGA-E1-5319-01A	Tumor	Primary	Solid Tissue	Unknown
ef2be940-243c-44dd-9123-4de3021135d8	TCGA-DU-A7TI-01A-11R-A342-13_mirna_gdc_realn.bam	Sequencing Reads	Aligned Reads	TCGA-LGG	TCGA-DU-A7TI	TCGA-DU-A7TI-01A	Tumor	Primary	Solid Tissue	Unknown
e3c530df-2c8a-488b-a48b-fafe04221c96	TCGA-IK-8125-01A-11R-2255-13_mirna_gdc_realn.bam	Sequencing Reads	Aligned Reads	TCGA-LGG	TCGA-IK-8125	TCGA-IK-8125-01A	Tumor	Primary	Solid Tissue	Unknown
a8b63bcd-9724-419f-bea7-42afa238f505	TCGA-S9-A6WD-01A-12R-A342-13_mirna_gdc_realn.bam	Sequencing Reads	Aligned Reads	TCGA-LGG	TCGA-S9-A6WD	TCGA-S9-A6WD-01A	Tumor	Primary	Solid Tissue	Unknown
c18df5ad-32b2-4f9c-8f80-135b985fe63c	TCGA-HT-A74O-01A-11R-A360-13_mirna_gdc_realn.bam	Sequencing Reads	Aligned Reads	TCGA-LGG	TCGA-HT-A74O	TCGA-HT-A74O-01A	Tumor	Primary	Solid Tissue	OCT
393f0425-a4d8-4268-8b97-67092edf47e2	TCGA-P5-A77X-01A-11R-A32L-13_mirna_gdc_realn.bam	Sequencing Reads	Aligned Reads	TCGA-LGG	TCGA-P5-A77X	TCGA-P5-A77X-01A	Tumor	Primary	Solid Tissue	OCT
c5a33a50-9899-4cbf-8781-d88b51ed3c86	TCGA-FG-5965-01B-11R-1895-13_mirna_gdc_realn.bam	Sequencing Reads	Aligned Reads	TCGA-LGG	TCGA-FG-5965	TCGA-FG-5965-01B	Tumor	Primary	Solid Tissue	Unknown
a69edbe2-73dc-4eb9-9821-cf202a4f4902	TCGA-DH-A66B-01A-11R-A29V-13_mirna_gdc_realn.bam	Sequencing Reads	Aligned Reads	TCGA-LGG	TCGA-DH-A66B	TCGA-DH-A66B-01A	Tumor	Primary	Solid Tissue	Unknown
9316e776-ba25-442f-ad1d-ff02267329ca	TCGA-FN-7833-01A-11R-2089-13_mirna_gdc_realn.bam	Sequencing Reads	Aligned Reads	TCGA-LGG	TCGA-FN-7833	TCGA-FN-7833-01A	Tumor	Primary	Solid Tissue	Unknown
b70dfe0d-ecc3-44e7-b57b-7f8dd9cb9dfc	TCGA-HW-8321-01A-11R-2401-13_mirna_gdc_realn.bam	Sequencing Reads	Aligned Reads	TCGA-LGG	TCGA-HW-8321	TCGA-HW-8321-01A	Tumor	Primary	Solid Tissue	Unknown
869b57c1-9c1b-4031-a4a4-66c0c8b54820	TCGA-HT-7693-01A-11R-2255-13_mirna_gdc_realn.bam	Sequencing Reads	Aligned Reads	TCGA-LGG	TCGA-HT-7693	TCGA-HT-7693-01A	Tumor	Primary	Solid Tissue	Unknown
c2a9f621-ccbf-49db-9373-6a75512c0e1e	TCGA-DU-7298-01A-11R-2026-13_mirna_gdc_realn.bam	Sequencing Reads	Aligned Reads	TCGA-LGG	TCGA-DU-7298	TCGA-DU-7298-01A	Tumor	Primary	Solid Tissue	Unknown
bd0a8af0-9ec8-42cb-a028-201f010bf08a	TCGA-FG-A713-01A-11R-A360-13_mirna_gdc_realn.bam	Sequencing Reads	Aligned Reads	TCGA-LGG	TCGA-FG-A713	TCGA-FG-A713-01A	Tumor	Primary	Solid Tissue	Unknown
4060f51d-cf6a-4b40-a1f8-9b4ef8aea339	TCGA-DU-A5TP-01A-11R-A28I-13_mirna_gdc_realn.bam	Sequencing Reads	Aligned Reads	TCGA-LGG	TCGA-DU-A5TP	TCGA-DU-A5TP-01A	Tumor	Primary	Solid Tissue	Unknown
fc193c62-4cd8-46ca-93bd-8a78074de35a	TCGA-HT-7686-01A-11R-2255-13_mirna_gdc_realn.bam	Sequencing Reads	Aligned Reads	TCGA-LGG	TCGA-HT-7686	TCGA-HT-7686-01A	Tumor	Primary	Solid Tissue	Unknown
fd649843-5db1-4ead-8baf-214df062d306	TCGA-TM-A7CF-01A-11R-A360-13_mirna_gdc_realn.bam	Sequencing Reads	Aligned Reads	TCGA-LGG	TCGA-TM-A7CF	TCGA-TM-A7CF-01A	Tumor	Primary	Solid Tissue	Unknown
cbbd298b-780f-4ef5-a083-b23ca614d9ce	TCGA-HT-A5R7-01A-11R-A28I-13_mirna_gdc_realn.bam	Sequencing Reads	Aligned Reads	TCGA-LGG	TCGA-HT-A5R7	TCGA-HT-A5R7-01A	Tumor	Primary	Solid Tissue	OCT
c2504aaa-9adb-4214-86e5-462bd9082415	TCGA-VM-A8CE-01A-11R-A36C-13_mirna_gdc_realn.bam	Sequencing Reads	Aligned Reads	TCGA-LGG	TCGA-VM-A8CE	TCGA-VM-A8CE-01A	Tumor	Primary	Solid Tissue	Unknown
d0f47185-67b7-4bae-920e-64b92cf46b40	TCGA-DU-A7TJ-01A-11R-A34O-13_mirna_gdc_realn.bam	Sequencing Reads	Aligned Reads	TCGA-LGG	TCGA-DU-A7TJ	TCGA-DU-A7TJ-01A	Tumor	Primary	Solid Tissue	Unknown
76bad8ca-1137-4216-a0fa-ebdd3bdf30b8	TCGA-WY-A85B-01A-11R-A36C-13_mirna_gdc_realn.bam	Sequencing Reads	Aligned Reads	TCGA-LGG	TCGA-WY-A85B	TCGA-WY-A85B-01A	Tumor	Primary	Solid Tissue	OCT
8cc6731d-531d-48a6-9407-dcf8fdd0241d	TCGA-HT-7603-01A-21R-2089-13_mirna_gdc_realn.bam	Sequencing Reads	Aligned Reads	TCGA-LGG	TCGA-HT-7603	TCGA-HT-7603-01A	Tumor	Primary	Solid Tissue	Unknown
ff14f593-44a9-4126-9745-f2c282849a4a	TCGA-F6-A8O4-01A-11R-A36C-13_mirna_gdc_realn.bam	Sequencing Reads	Aligned Reads	TCGA-LGG	TCGA-F6-A8O4	TCGA-F6-A8O4-01A	Tumor	Primary	Solid Tissue	OCT
1831c9ad-4897-4cbd-8a3a-20d1c3c1a41a	TCGA-DU-7013-01A-11R-2026-13_mirna_gdc_realn.bam	Sequencing Reads	Aligned Reads	TCGA-LGG	TCGA-DU-7013	TCGA-DU-7013-01A	Tumor	Primary	Solid Tissue	Unknown
28ae621e-90ee-4a8f-b928-4a85a4949e30	TCGA-QH-A65S-01A-11R-A29V-13_mirna_gdc_realn.bam	Sequencing Reads	Aligned Reads	TCGA-LGG	TCGA-QH-A65S	TCGA-QH-A65S-01A	Tumor	Primary	Solid Tissue	Unknown
84303d24-fa95-47b7-b77f-29c42e0cf224	TCGA-R8-A6MK-01A-11R-A32L-13_mirna_gdc_realn.bam	Sequencing Reads	Aligned Reads	TCGA-LGG	TCGA-R8-A6MK	TCGA-R8-A6MK-01A	Tumor	Primary	Solid Tissue	OCT
64ce01e4-d70f-4040-93c5-5ce106dc504e	TCGA-E1-A7YD-01A-11R-A34G-13_mirna_gdc_realn.bam	Sequencing Reads	Aligned Reads	TCGA-LGG	TCGA-E1-A7YD	TCGA-E1-A7YD-01A	Tumor	Primary	Solid Tissue	OCT
391104f0-34a3-4026-b2c6-be495d8195dd	TCGA-HT-A74L-01A-11R-A32L-13_mirna_gdc_realn.bam	Sequencing Reads	Aligned Reads	TCGA-LGG	TCGA-HT-A74L	TCGA-HT-A74L-01A	Tumor	Primary	Solid Tissue	OCT
2e7ce87f-0bc6-42fc-809a-b2f7fa721736	TCGA-S9-A89Z-01A-11R-A36C-13_mirna_gdc_realn.bam	Sequencing Reads	Aligned Reads	TCGA-LGG	TCGA-S9-A89Z	TCGA-S9-A89Z-01A	Tumor	Primary	Solid Tissue	Unknown
9ab6b13d-c90e-41c4-9aa0-51771fada60a	TCGA-FG-6690-01A-11R-1895-13_mirna_gdc_realn.bam	Sequencing Reads	Aligned Reads	TCGA-LGG	TCGA-FG-6690	TCGA-FG-6690-01A	Tumor	Primary	Solid Tissue	Unknown
633bb355-4f9b-4d79-96a5-c5c41408da36	TCGA-DU-7010-01A-11R-2026-13_mirna_gdc_realn.bam	Sequencing Reads	Aligned Reads	TCGA-LGG	TCGA-DU-7010	TCGA-DU-7010-01A	Tumor	Primary	Solid Tissue	Unknown
a1084194-b08e-4697-b1b3-ba405ceaf1a0	TCGA-HT-8015-01B-11R-A28I-13_mirna_gdc_realn.bam	Sequencing Reads	Aligned Reads	TCGA-LGG	TCGA-HT-8015	TCGA-HT-8015-01B	Tumor	Primary	Solid Tissue	OCT
8a9c6122-27a9-4107-bde1-e655795cbf71	TCGA-HT-7689-01A-11R-2255-13_mirna_gdc_realn.bam	Sequencing Reads	Aligned Reads	TCGA-LGG	TCGA-HT-7689	TCGA-HT-7689-01A	Tumor	Primary	Solid Tissue	Unknown
1415ea1a-9ae9-4920-8866-cc4d31674ec4	TCGA-HT-7677-01A-11R-2255-13_mirna_gdc_realn.bam	Sequencing Reads	Aligned Reads	TCGA-LGG	TCGA-HT-7677	TCGA-HT-7677-01A	Tumor	Primary	Solid Tissue	Unknown
ac80e725-2d33-47bc-b32c-56830d779fcb	TCGA-TQ-A7RU-01A-21R-A34G-13_mirna_gdc_realn.bam	Sequencing Reads	Aligned Reads	TCGA-LGG	TCGA-TQ-A7RU	TCGA-TQ-A7RU-01A	Tumor	Primary	Solid Tissue	Unknown
baffac5d-454a-4305-8ffc-d6a0d908f199	TCGA-E1-A7YN-01A-11R-A34G-13_mirna_gdc_realn.bam	Sequencing Reads	Aligned Reads	TCGA-LGG	TCGA-E1-A7YN	TCGA-E1-A7YN-01A	Tumor	Primary	Solid Tissue	OCT
3efab7ce-f94b-41f0-823a-56eec444f827	TCGA-DU-5855-01A-11R-1707-13_mirna_gdc_realn.bam	Sequencing Reads	Aligned Reads	TCGA-LGG	TCGA-DU-5855	TCGA-DU-5855-01A	Tumor	Primary	Solid Tissue	Unknown
16265e2f-91af-4cb4-ab53-a5f1582d6567	TCGA-HT-8109-01A-11R-2401-13_mirna_gdc_realn.bam	Sequencing Reads	Aligned Reads	TCGA-LGG	TCGA-HT-8109	TCGA-HT-8109-01A	Tumor	Primary	Solid Tissue	Unknown
990f2141-f55b-47d9-87f3-bdbbd6688ee3	TCGA-HT-8018-01A-11R-2401-13_mirna_gdc_realn.bam	Sequencing Reads	Aligned Reads	TCGA-LGG	TCGA-HT-8018	TCGA-HT-8018-01A	Tumor	Primary	Solid Tissue	Unknown
97b56970-ed02-4be9-9d09-df1d19a1af30	TCGA-HW-A5KJ-01A-12R-A27U-13_mirna_gdc_realn.bam	Sequencing Reads	Aligned Reads	TCGA-LGG	TCGA-HW-A5KJ	TCGA-HW-A5KJ-01A	Tumor	Primary	Solid Tissue	OCT
d1df7ac3-9d02-4505-ae3d-f7c117cf2295	TCGA-P5-A5F4-01A-11R-A28I-13_mirna_gdc_realn.bam	Sequencing Reads	Aligned Reads	TCGA-LGG	TCGA-P5-A5F4	TCGA-P5-A5F4-01A	Tumor	Primary	Solid Tissue	OCT
1fa95712-fcf4-4f32-9916-7181ed523860	TCGA-DU-6401-01A-11R-1707-13_mirna_gdc_realn.bam	Sequencing Reads	Aligned Reads	TCGA-LGG	TCGA-DU-6401	TCGA-DU-6401-01A	Tumor	Primary	Solid Tissue	Unknown
8dd262ce-5c05-4c76-a856-3a7342445ea1	TCGA-VM-A8CD-01A-11R-A36C-13_mirna_gdc_realn.bam	Sequencing Reads	Aligned Reads	TCGA-LGG	TCGA-VM-A8CD	TCGA-VM-A8CD-01A	Tumor	Primary	Solid Tissue	Unknown
814b8903-73c6-4f2d-9370-f02a9341333a	TCGA-DU-6403-01A-11R-1707-13_mirna_gdc_realn.bam	Sequencing Reads	Aligned Reads	TCGA-LGG	TCGA-DU-6403	TCGA-DU-6403-01A	Tumor	Primary	Solid Tissue	Unknown
e9e93bc5-525e-4e66-871b-bb03e933322b	TCGA-DU-A5TR-01A-11R-A28I-13_mirna_gdc_realn.bam	Sequencing Reads	Aligned Reads	TCGA-LGG	TCGA-DU-A5TR	TCGA-DU-A5TR-01A	Tumor	Primary	Solid Tissue	Unknown
e7bf3962-f68e-41a3-a677-8ccadae64b23	TCGA-HT-7608-01A-11R-2089-13_mirna_gdc_realn.bam	Sequencing Reads	Aligned Reads	TCGA-LGG	TCGA-HT-7608	TCGA-HT-7608-01A	Tumor	Primary	Solid Tissue	Unknown
17267b44-34db-4080-a1ad-caa0a2ad64b3	TCGA-QH-A6X5-01A-12R-A32L-13_mirna_gdc_realn.bam	Sequencing Reads	Aligned Reads	TCGA-LGG	TCGA-QH-A6X5	TCGA-QH-A6X5-01A	Tumor	Primary	Solid Tissue	Unknown
1e3c14a6-24be-46f1-a495-3b196854b9b4	TCGA-E1-A7YH-01A-11R-A34G-13_mirna_gdc_realn.bam	Sequencing Reads	Aligned Reads	TCGA-LGG	TCGA-E1-A7YH	TCGA-E1-A7YH-01A	Tumor	Primary	Solid Tissue	OCT
acaa2b8e-81a0-4607-987c-ab2dddbe51be	TCGA-TM-A84S-01A-11R-A36C-13_mirna_gdc_realn.bam	Sequencing Reads	Aligned Reads	TCGA-LGG	TCGA-TM-A84S	TCGA-TM-A84S-01A	Tumor	Primary	Solid Tissue	Unknown
e7c73f9f-5d38-4329-87ea-02d0fb6977c1	TCGA-S9-A7R3-01A-11R-A34O-13_mirna_gdc_realn.bam	Sequencing Reads	Aligned Reads	TCGA-LGG	TCGA-S9-A7R3	TCGA-S9-A7R3-01A	Tumor	Primary	Solid Tissue	Unknown
e56d0735-2563-42fc-a3f7-52b8be573f87	TCGA-DB-A64X-01A-11R-A29V-13_mirna_gdc_realn.bam	Sequencing Reads	Aligned Reads	TCGA-LGG	TCGA-DB-A64X	TCGA-DB-A64X-01A	Tumor	Primary	Solid Tissue	OCT
2aa43ffc-7605-4517-a6d1-8136b63aee85	TCGA-DB-A64R-01A-11R-A29V-13_mirna_gdc_realn.bam	Sequencing Reads	Aligned Reads	TCGA-LGG	TCGA-DB-A64R	TCGA-DB-A64R-01A	Tumor	Primary	Solid Tissue	OCT
80f2738b-56ff-4466-a074-31f0232cc45c	TCGA-S9-A6U1-01A-21R-A342-13_mirna_gdc_realn.bam	Sequencing Reads	Aligned Reads	TCGA-LGG	TCGA-S9-A6U1	TCGA-S9-A6U1-01A	Tumor	Primary	Solid Tissue	Unknown
b480e994-08d9-44ea-b8d2-924f14d26ce6	TCGA-HT-7481-01A-11R-2026-13_mirna_gdc_realn.bam	Sequencing Reads	Aligned Reads	TCGA-LGG	TCGA-HT-7481	TCGA-HT-7481-01A	Tumor	Primary	Solid Tissue	Unknown
fa0ee9c4-005b-4de7-a1e5-b65ca325f34f	TCGA-HW-8320-01A-11R-2401-13_mirna_gdc_realn.bam	Sequencing Reads	Aligned Reads	TCGA-LGG	TCGA-HW-8320	TCGA-HW-8320-01A	Tumor	Primary	Solid Tissue	Unknown
48838278-fcbc-4dee-9e0a-05072b1e2042	TCGA-CS-4942-01A-01R-1469-13_mirna_gdc_realn.bam	Sequencing Reads	Aligned Reads	TCGA-LGG	TCGA-CS-4942	TCGA-CS-4942-01A	Tumor	Primary	Solid Tissue	Unknown
29f17796-7c10-48fe-bec1-fd8365126e27	TCGA-DU-A5TW-01A-11R-A28I-13_mirna_gdc_realn.bam	Sequencing Reads	Aligned Reads	TCGA-LGG	TCGA-DU-A5TW	TCGA-DU-A5TW-01A	Tumor	Primary	Solid Tissue	Unknown
04660a5e-14d5-4d65-83de-2bfac6c6624d	TCGA-HT-7602-01A-21R-2089-13_mirna_gdc_realn.bam	Sequencing Reads	Aligned Reads	TCGA-LGG	TCGA-HT-7602	TCGA-HT-7602-01A	Tumor	Primary	Solid Tissue	Unknown
ade29096-416c-486c-b4f1-b8f86ee145e0	TCGA-DU-5851-01A-13R-1895-13_mirna_gdc_realn.bam	Sequencing Reads	Aligned Reads	TCGA-LGG	TCGA-DU-5851	TCGA-DU-5851-01A	Tumor	Primary	Solid Tissue	Unknown
410ca26e-51d4-4680-9ffa-1ba90c85a87d	TCGA-FG-A6J1-01A-11R-A31R-13_mirna_gdc_realn.bam	Sequencing Reads	Aligned Reads	TCGA-LGG	TCGA-FG-A6J1	TCGA-FG-A6J1-01A	Tumor	Primary	Solid Tissue	OCT
14c9b1d5-77e9-45d8-9fea-667a0842595e	TCGA-FG-A60J-01A-11R-A28I-13_mirna_gdc_realn.bam	Sequencing Reads	Aligned Reads	TCGA-LGG	TCGA-FG-A60J	TCGA-FG-A60J-01A	Tumor	Primary	Solid Tissue	Unknown
b2783070-08f2-4477-bfc0-4a5994c43153	TCGA-CS-6669-01A-11R-1895-13_mirna_gdc_realn.bam	Sequencing Reads	Aligned Reads	TCGA-LGG	TCGA-CS-6669	TCGA-CS-6669-01A	Tumor	Primary	Solid Tissue	Unknown
7723f105-88eb-4db8-b23c-dfc1201de200	TCGA-FG-6689-01A-11R-1895-13_mirna_gdc_realn.bam	Sequencing Reads	Aligned Reads	TCGA-LGG	TCGA-FG-6689	TCGA-FG-6689-01A	Tumor	Primary	Solid Tissue	Unknown
bff938d8-7e69-4c50-9f9c-3fadd6bab801	TCGA-CS-6290-01A-11R-1707-13_mirna_gdc_realn.bam	Sequencing Reads	Aligned Reads	TCGA-LGG	TCGA-CS-6290	TCGA-CS-6290-01A	Tumor	Primary	Solid Tissue	Unknown
8bb82fdb-6aa4-4eac-bc3a-2ba50e0d3ec8	TCGA-HT-7609-01A-11R-2089-13_mirna_gdc_realn.bam	Sequencing Reads	Aligned Reads	TCGA-LGG	TCGA-HT-7609	TCGA-HT-7609-01A	Tumor	Primary	Solid Tissue	Unknown
b2ab41f2-add9-4e84-8362-3dc6e1d3bb69	TCGA-HW-7493-01A-11R-2026-13_mirna_gdc_realn.bam	Sequencing Reads	Aligned Reads	TCGA-LGG	TCGA-HW-7493	TCGA-HW-7493-01A	Tumor	Primary	Solid Tissue	Unknown
cc5f7996-d836-4250-952d-00be03f59901	TCGA-DU-8166-01A-11R-2255-13_mirna_gdc_realn.bam	Sequencing Reads	Aligned Reads	TCGA-LGG	TCGA-DU-8166	TCGA-DU-8166-01A	Tumor	Primary	Solid Tissue	Unknown
ccb8ae42-002f-4fac-9df4-5fbf3a42d9d8	TCGA-HT-7606-01A-11R-2089-13_mirna_gdc_realn.bam	Sequencing Reads	Aligned Reads	TCGA-LGG	TCGA-HT-7606	TCGA-HT-7606-01A	Tumor	Primary	Solid Tissue	Unknown
1bb695d5-0b64-4bb9-9427-dd80ecd211c2	TCGA-WY-A85D-01A-11R-A36C-13_mirna_gdc_realn.bam	Sequencing Reads	Aligned Reads	TCGA-LGG	TCGA-WY-A85D	TCGA-WY-A85D-01A	Tumor	Primary	Solid Tissue	OCT
35cd29dc-6b60-4faf-af0a-bd5b0073915d	TCGA-TM-A7C3-01A-11R-A32L-13_mirna_gdc_realn.bam	Sequencing Reads	Aligned Reads	TCGA-LGG	TCGA-TM-A7C3	TCGA-TM-A7C3-01A	Tumor	Primary	Solid Tissue	Unknown
76a8468b-aefb-425a-b935-f6eb6bad0a04	TCGA-HT-A5RC-01A-11R-A28I-13_mirna_gdc_realn.bam	Sequencing Reads	Aligned Reads	TCGA-LGG	TCGA-HT-A5RC	TCGA-HT-A5RC-01A	Tumor	Primary	Solid Tissue	OCT
b36321c8-23cd-43b2-89bc-22743adcacb4	TCGA-FG-8189-01B-11R-A28I-13_mirna_gdc_realn.bam	Sequencing Reads	Aligned Reads	TCGA-LGG	TCGA-FG-8189	TCGA-FG-8189-01B	Tumor	Primary	Solid Tissue	Unknown
461f7341-9d96-40f5-ba2b-4b30afe83e8a	TCGA-KT-A74X-01A-11R-A32L-13_mirna_gdc_realn.bam	Sequencing Reads	Aligned Reads	TCGA-LGG	TCGA-KT-A74X	TCGA-KT-A74X-01A	Tumor	Primary	Solid Tissue	OCT
dfad00fc-022c-4c13-a209-ed331092f593	TCGA-TQ-A7RP-01A-21R-A34G-13_mirna_gdc_realn.bam	Sequencing Reads	Aligned Reads	TCGA-LGG	TCGA-TQ-A7RP	TCGA-TQ-A7RP-01A	Tumor	Primary	Solid Tissue	Unknown
fe3a69b5-3823-421d-8492-9801eb30000a	TCGA-E1-A7YM-01A-11R-A34G-13_mirna_gdc_realn.bam	Sequencing Reads	Aligned Reads	TCGA-LGG	TCGA-E1-A7YM	TCGA-E1-A7YM-01A	Tumor	Primary	Solid Tissue	OCT
3986eb78-6204-4f96-ac03-083d06845864	TCGA-TM-A84T-01A-11R-A36C-13_mirna_gdc_realn.bam	Sequencing Reads	Aligned Reads	TCGA-LGG	TCGA-TM-A84T	TCGA-TM-A84T-01A	Tumor	Primary	Solid Tissue	Unknown
507d4872-ce81-4809-b8df-f4930902d7a2	TCGA-CS-5395-01A-01R-1469-13_mirna_gdc_realn.bam	Sequencing Reads	Aligned Reads	TCGA-LGG	TCGA-CS-5395	TCGA-CS-5395-01A	Tumor	Primary	Solid Tissue	Unknown
1d87b42d-588c-42b7-bf09-b4e295d207f6	TCGA-QH-A6CZ-01A-11R-A32L-13_mirna_gdc_realn.bam	Sequencing Reads	Aligned Reads	TCGA-LGG	TCGA-QH-A6CZ	TCGA-QH-A6CZ-01A	Tumor	Primary	Solid Tissue	Unknown
ad05ea85-5d51-48c5-92cc-e15872e2f466	TCGA-DU-7299-01A-21R-2026-13_mirna_gdc_realn.bam	Sequencing Reads	Aligned Reads	TCGA-LGG	TCGA-DU-7299	TCGA-DU-7299-01A	Tumor	Primary	Solid Tissue	Unknown
d1aec67c-f09b-4dff-8b4a-a42f6bed277b	TCGA-DB-A4XA-01A-11R-A26Y-13_mirna_gdc_realn.bam	Sequencing Reads	Aligned Reads	TCGA-LGG	TCGA-DB-A4XA	TCGA-DB-A4XA-01A	Tumor	Primary	Solid Tissue	OCT
0dfa784d-ef6c-49d5-800d-491b7ef790eb	TCGA-TM-A84F-01A-11R-A36C-13_mirna_gdc_realn.bam	Sequencing Reads	Aligned Reads	TCGA-LGG	TCGA-TM-A84F	TCGA-TM-A84F-01A	Tumor	Primary	Solid Tissue	Unknown
ef648cff-115e-44a7-b87e-7d1e53808090	TCGA-VM-A8CB-01A-11R-A36C-13_mirna_gdc_realn.bam	Sequencing Reads	Aligned Reads	TCGA-LGG	TCGA-VM-A8CB	TCGA-VM-A8CB-01A	Tumor	Primary	Solid Tissue	Unknown
14c4c300-e744-4bf8-90fb-39ecc408f269	TCGA-HT-8105-01A-11R-2401-13_mirna_gdc_realn.bam	Sequencing Reads	Aligned Reads	TCGA-LGG	TCGA-HT-8105	TCGA-HT-8105-01A	Tumor	Primary	Solid Tissue	Unknown
8c62462e-3cdc-4b0e-a497-d72523dd0c72	TCGA-HT-A4DV-01A-11R-A26Y-13_mirna_gdc_realn.bam	Sequencing Reads	Aligned Reads	TCGA-LGG	TCGA-HT-A4DV	TCGA-HT-A4DV-01A	Tumor	Primary	Solid Tissue	OCT
87c53c0a-1732-4972-8c30-c6f877d2999c	TCGA-DU-5872-01A-11R-1707-13_mirna_gdc_realn.bam	Sequencing Reads	Aligned Reads	TCGA-LGG	TCGA-DU-5872	TCGA-DU-5872-01A	Tumor	Primary	Solid Tissue	Unknown
8278582a-068c-45a9-be7a-8bcc9c796b96	TCGA-P5-A72Z-01A-11R-A360-13_mirna_gdc_realn.bam	Sequencing Reads	Aligned Reads	TCGA-LGG	TCGA-P5-A72Z	TCGA-P5-A72Z-01A	Tumor	Primary	Solid Tissue	OCT
cca6c482-c106-434d-89bf-fe9a2b305c51	TCGA-KT-A7W1-01A-11R-A34G-13_mirna_gdc_realn.bam	Sequencing Reads	Aligned Reads	TCGA-LGG	TCGA-KT-A7W1	TCGA-KT-A7W1-01A	Tumor	Primary	Solid Tissue	OCT
7f8d9fb2-3c00-4acb-af16-fcde0bdbec79	TCGA-E1-A7YJ-01A-11R-A34G-13_mirna_gdc_realn.bam	Sequencing Reads	Aligned Reads	TCGA-LGG	TCGA-E1-A7YJ	TCGA-E1-A7YJ-01A	Tumor	Primary	Solid Tissue	OCT
b2321814-43ff-497b-80d3-cbcc76648270	TCGA-DU-6406-01A-11R-1707-13_mirna_gdc_realn.bam	Sequencing Reads	Aligned Reads	TCGA-LGG	TCGA-DU-6406	TCGA-DU-6406-01A	Tumor	Primary	Solid Tissue	Unknown
cdd0cbbb-ec31-4e9e-96ed-688d3e2bdf10	TCGA-HT-A614-01A-11R-A29V-13_mirna_gdc_realn.bam	Sequencing Reads	Aligned Reads	TCGA-LGG	TCGA-HT-A614	TCGA-HT-A614-01A	Tumor	Primary	Solid Tissue	Unknown
f8a63ea9-4791-4530-afc7-ece1b0cf9031	TCGA-E1-5311-01A-01R-1469-13_mirna_gdc_realn.bam	Sequencing Reads	Aligned Reads	TCGA-LGG	TCGA-E1-5311	TCGA-E1-5311-01A	Tumor	Primary	Solid Tissue	Unknown
df960cc2-8e12-465f-b0c7-0d1fe103a99f	TCGA-VM-A8CF-01A-11R-A36C-13_mirna_gdc_realn.bam	Sequencing Reads	Aligned Reads	TCGA-LGG	TCGA-VM-A8CF	TCGA-VM-A8CF-01A	Tumor	Primary	Solid Tissue	Unknown
54c4671f-42cb-4ace-a4a7-f183a2611885	TCGA-DB-5278-01A-01R-1469-13_mirna_gdc_realn.bam	Sequencing Reads	Aligned Reads	TCGA-LGG	TCGA-DB-5278	TCGA-DB-5278-01A	Tumor	Primary	Solid Tissue	Unknown
7659bfd8-9b7e-4fee-91ad-0e45abdc7d42	TCGA-DU-A5TY-01A-11R-A28I-13_mirna_gdc_realn.bam	Sequencing Reads	Aligned Reads	TCGA-LGG	TCGA-DU-A5TY	TCGA-DU-A5TY-01A	Tumor	Primary	Solid Tissue	Unknown
885333e6-dadc-4169-bf79-ab157425fa04	TCGA-S9-A7IZ-01A-11R-A34G-13_mirna_gdc_realn.bam	Sequencing Reads	Aligned Reads	TCGA-LGG	TCGA-S9-A7IZ	TCGA-S9-A7IZ-01A	Tumor	Primary	Solid Tissue	Unknown
8727f88a-f916-4bb0-8526-6af050a3d0ea	TCGA-DU-7009-01A-11R-2026-13_mirna_gdc_realn.bam	Sequencing Reads	Aligned Reads	TCGA-LGG	TCGA-DU-7009	TCGA-DU-7009-01A	Tumor	Primary	Solid Tissue	Unknown
3d78cfb2-c01c-459a-9aa5-850d288b9d5e	TCGA-HT-7902-01A-12R-2401-13_mirna_gdc_realn.bam	Sequencing Reads	Aligned Reads	TCGA-LGG	TCGA-HT-7902	TCGA-HT-7902-01A	Tumor	Primary	Solid Tissue	Unknown
863ed159-b370-4770-838e-058337b7d9ca	TCGA-FG-8191-01A-11R-2255-13_mirna_gdc_realn.bam	Sequencing Reads	Aligned Reads	TCGA-LGG	TCGA-FG-8191	TCGA-FG-8191-01A	Tumor	Primary	Solid Tissue	Unknown
0d6bfe2f-6358-46b0-bebd-fa7ecc703945	TCGA-S9-A7J3-01A-21R-A34O-13_mirna_gdc_realn.bam	Sequencing Reads	Aligned Reads	TCGA-LGG	TCGA-S9-A7J3	TCGA-S9-A7J3-01A	Tumor	Primary	Solid Tissue	Unknown
892eac8c-0de2-4b17-b87e-25aa2a708fc0	TCGA-S9-A6TV-01A-12R-A34O-13_mirna_gdc_realn.bam	Sequencing Reads	Aligned Reads	TCGA-LGG	TCGA-S9-A6TV	TCGA-S9-A6TV-01A	Tumor	Primary	Solid Tissue	Unknown
38622f56-329c-4f83-a430-435dcfee1f15	TCGA-HT-A5RB-01A-11R-A28I-13_mirna_gdc_realn.bam	Sequencing Reads	Aligned Reads	TCGA-LGG	TCGA-HT-A5RB	TCGA-HT-A5RB-01A	Tumor	Primary	Solid Tissue	OCT
fa60066f-9acf-4de3-84f1-a8b47a2fd556	TCGA-DU-A7T8-01A-21R-A34O-13_mirna_gdc_realn.bam	Sequencing Reads	Aligned Reads	TCGA-LGG	TCGA-DU-A7T8	TCGA-DU-A7T8-01A	Tumor	Primary	Solid Tissue	Unknown
1f5a31c8-225a-4b0b-b7da-54d92d3572a5	TCGA-P5-A5F1-01A-11R-A28I-13_mirna_gdc_realn.bam	Sequencing Reads	Aligned Reads	TCGA-LGG	TCGA-P5-A5F1	TCGA-P5-A5F1-01A	Tumor	Primary	Solid Tissue	OCT
2a111601-b8ce-4d5f-9ecd-b78b577e9aec	TCGA-HW-A5KL-01A-11R-A27U-13_mirna_gdc_realn.bam	Sequencing Reads	Aligned Reads	TCGA-LGG	TCGA-HW-A5KL	TCGA-HW-A5KL-01A	Tumor	Primary	Solid Tissue	OCT
dfb79ef9-9e74-43d6-aff7-113d63c65f51	TCGA-S9-A6WP-01A-12R-A34G-13_mirna_gdc_realn.bam	Sequencing Reads	Aligned Reads	TCGA-LGG	TCGA-S9-A6WP	TCGA-S9-A6WP-01A	Tumor	Primary	Solid Tissue	Unknown
47325011-6bde-424f-a847-883ef03004ed	TCGA-DH-5144-01A-01R-1469-13_mirna_gdc_realn.bam	Sequencing Reads	Aligned Reads	TCGA-LGG	TCGA-DH-5144	TCGA-DH-5144-01A	Tumor	Primary	Solid Tissue	Unknown
f06175d0-917d-419d-88ea-5d461c717ad1	TCGA-HT-8114-01A-11R-2401-13_mirna_gdc_realn.bam	Sequencing Reads	Aligned Reads	TCGA-LGG	TCGA-HT-8114	TCGA-HT-8114-01A	Tumor	Primary	Solid Tissue	Unknown
e88e41d4-7582-462f-92d1-8753e86c78a0	TCGA-WY-A85A-01A-21R-A36C-13_mirna_gdc_realn.bam	Sequencing Reads	Aligned Reads	TCGA-LGG	TCGA-WY-A85A	TCGA-WY-A85A-01A	Tumor	Primary	Solid Tissue	OCT
09da9684-9c15-4761-9881-578c86f5ff4f	TCGA-S9-A6WI-01A-21R-A342-13_mirna_gdc_realn.bam	Sequencing Reads	Aligned Reads	TCGA-LGG	TCGA-S9-A6WI	TCGA-S9-A6WI-01A	Tumor	Primary	Solid Tissue	Unknown
c4654a2c-90dd-447c-b267-c11bc92a28e1	TCGA-DB-5274-01A-01R-1469-13_mirna_gdc_realn.bam	Sequencing Reads	Aligned Reads	TCGA-LGG	TCGA-DB-5274	TCGA-DB-5274-01A	Tumor	Primary	Solid Tissue	Unknown
a6bda188-c922-48c9-a3e2-16077948e4f6	TCGA-S9-A6WH-01A-12R-A342-13_mirna_gdc_realn.bam	Sequencing Reads	Aligned Reads	TCGA-LGG	TCGA-S9-A6WH	TCGA-S9-A6WH-01A	Tumor	Primary	Solid Tissue	Unknown
b9125bf6-8240-47df-a8d5-a4f44ad3ba60	TCGA-DB-A75O-01A-11R-A360-13_mirna_gdc_realn.bam	Sequencing Reads	Aligned Reads	TCGA-LGG	TCGA-DB-A75O	TCGA-DB-A75O-01A	Tumor	Primary	Solid Tissue	OCT
f0c3b7f2-100f-470e-abb1-36f03f972126	TCGA-HT-7611-01A-11R-2401-13_mirna_gdc_realn.bam	Sequencing Reads	Aligned Reads	TCGA-LGG	TCGA-HT-7611	TCGA-HT-7611-01A	Tumor	Primary	Solid Tissue	Unknown
2a9cd0e8-8e4f-4c6c-bd08-29ddb51a8b08	TCGA-HT-7620-01A-11R-2255-13_mirna_gdc_realn.bam	Sequencing Reads	Aligned Reads	TCGA-LGG	TCGA-HT-7620	TCGA-HT-7620-01A	Tumor	Primary	Solid Tissue	Unknown
663ec339-7281-4070-b350-380ec494c905	TCGA-HW-A5KM-01A-11R-A27U-13_mirna_gdc_realn.bam	Sequencing Reads	Aligned Reads	TCGA-LGG	TCGA-HW-A5KM	TCGA-HW-A5KM-01A	Tumor	Primary	Solid Tissue	OCT
40141d44-68ae-4273-8215-df0134abf98e	TCGA-FG-7641-01B-11R-2255-13_mirna_gdc_realn.bam	Sequencing Reads	Aligned Reads	TCGA-LGG	TCGA-FG-7641	TCGA-FG-7641-01B	Tumor	Primary	Solid Tissue	Unknown
6559f3a2-112f-4219-822b-2fd01064fe4d	TCGA-FG-8188-01A-11R-2255-13_mirna_gdc_realn.bam	Sequencing Reads	Aligned Reads	TCGA-LGG	TCGA-FG-8188	TCGA-FG-8188-01A	Tumor	Primary	Solid Tissue	Unknown
7a98491f-ef15-46b9-a44e-4db0bd9581c5	TCGA-VV-A829-01A-21R-A36C-13_mirna_gdc_realn.bam	Sequencing Reads	Aligned Reads	TCGA-LGG	TCGA-VV-A829	TCGA-VV-A829-01A	Tumor	Primary	Solid Tissue	OCT
b8b8f6ee-ab4b-45f1-bc4e-7befa0e68062	TCGA-HT-8010-01A-11R-2401-13_mirna_gdc_realn.bam	Sequencing Reads	Aligned Reads	TCGA-LGG	TCGA-HT-8010	TCGA-HT-8010-01A	Tumor	Primary	Solid Tissue	Unknown
430e2ad7-6994-4e95-bee9-c7bc6080364c	TCGA-DU-8165-01A-11R-2255-13_mirna_gdc_realn.bam	Sequencing Reads	Aligned Reads	TCGA-LGG	TCGA-DU-8165	TCGA-DU-8165-01A	Tumor	Primary	Solid Tissue	Unknown
1d108a49-9f58-41b0-8cca-eb21dababf39	TCGA-TQ-A8XE-01A-11R-A36C-13_mirna_gdc_realn.bam	Sequencing Reads	Aligned Reads	TCGA-LGG	TCGA-TQ-A8XE	TCGA-TQ-A8XE-01A	Tumor	Primary	Solid Tissue	OCT
2c361688-1c42-4f32-b84a-fcf92831a0c9	TCGA-DU-6408-01A-11R-1707-13_mirna_gdc_realn.bam	Sequencing Reads	Aligned Reads	TCGA-LGG	TCGA-DU-6408	TCGA-DU-6408-01A	Tumor	Primary	Solid Tissue	Unknown
f09b9eae-c043-448e-8b57-45a50c74fa26	TCGA-RY-A83Z-01A-11R-A36C-13_mirna_gdc_realn.bam	Sequencing Reads	Aligned Reads	TCGA-LGG	TCGA-RY-A83Z	TCGA-RY-A83Z-01A	Tumor	Primary	Solid Tissue	Unknown
236de45f-07cb-40f3-9448-eef817da859f	TCGA-DU-7292-01A-11R-2026-13_mirna_gdc_realn.bam	Sequencing Reads	Aligned Reads	TCGA-LGG	TCGA-DU-7292	TCGA-DU-7292-01A	Tumor	Primary	Solid Tissue	Unknown
6cb73906-973e-4be0-9778-5d97582ff882	TCGA-S9-A6WQ-01A-12R-A34G-13_mirna_gdc_realn.bam	Sequencing Reads	Aligned Reads	TCGA-LGG	TCGA-S9-A6WQ	TCGA-S9-A6WQ-01A	Tumor	Primary	Solid Tissue	Unknown
26298ce8-8608-46b8-b787-234d610517db	TCGA-DU-6396-01A-11R-1707-13_mirna_gdc_realn.bam	Sequencing Reads	Aligned Reads	TCGA-LGG	TCGA-DU-6396	TCGA-DU-6396-01A	Tumor	Primary	Solid Tissue	Unknown
6902714d-9334-49e0-9f69-2088cd61cdbf	TCGA-DU-6402-01A-11R-1707-13_mirna_gdc_realn.bam	Sequencing Reads	Aligned Reads	TCGA-LGG	TCGA-DU-6402	TCGA-DU-6402-01A	Tumor	Primary	Solid Tissue	Unknown
85c7f976-4a16-418a-bc2c-1e4ea02750a5	TCGA-DB-5281-01A-01R-1469-13_mirna_gdc_realn.bam	Sequencing Reads	Aligned Reads	TCGA-LGG	TCGA-DB-5281	TCGA-DB-5281-01A	Tumor	Primary	Solid Tissue	Unknown
1674dbd6-5dda-49e2-ab66-7c2dcee8689b	TCGA-DB-A4XE-01A-11R-A27U-13_mirna_gdc_realn.bam	Sequencing Reads	Aligned Reads	TCGA-LGG	TCGA-DB-A4XE	TCGA-DB-A4XE-01A	Tumor	Primary	Solid Tissue	OCT
63387e1d-6e50-4e53-8b87-a3f4272bacd4	TCGA-RY-A83Y-01A-11R-A36C-13_mirna_gdc_realn.bam	Sequencing Reads	Aligned Reads	TCGA-LGG	TCGA-RY-A83Y	TCGA-RY-A83Y-01A	Tumor	Primary	Solid Tissue	Unknown
0636bd02-9406-4ed3-b482-e87d10fe24b2	TCGA-DB-A64V-01A-11R-A29V-13_mirna_gdc_realn.bam	Sequencing Reads	Aligned Reads	TCGA-LGG	TCGA-DB-A64V	TCGA-DB-A64V-01A	Tumor	Primary	Solid Tissue	OCT
d32582e6-4878-4b38-bb23-4491f7d66875	TCGA-DU-6400-01A-12R-1707-13_mirna_gdc_realn.bam	Sequencing Reads	Aligned Reads	TCGA-LGG	TCGA-DU-6400	TCGA-DU-6400-01A	Tumor	Primary	Solid Tissue	Unknown
cb4df70f-6d48-46a0-9384-43d5db6685db	TCGA-DU-6393-01A-11R-1707-13_mirna_gdc_realn.bam	Sequencing Reads	Aligned Reads	TCGA-LGG	TCGA-DU-6393	TCGA-DU-6393-01A	Tumor	Primary	Solid Tissue	Unknown
2a26f4f1-8d56-4a1b-8a1b-26dfe4e1ab64	TCGA-S9-A7J2-01A-11R-A34G-13_mirna_gdc_realn.bam	Sequencing Reads	Aligned Reads	TCGA-LGG	TCGA-S9-A7J2	TCGA-S9-A7J2-01A	Tumor	Primary	Solid Tissue	Unknown
0e498f94-4567-4868-b368-4cba5cc57d30	TCGA-P5-A5EU-01A-11R-A27U-13_mirna_gdc_realn.bam	Sequencing Reads	Aligned Reads	TCGA-LGG	TCGA-P5-A5EU	TCGA-P5-A5EU-01A	Tumor	Primary	Solid Tissue	OCT
ce1634ee-87cc-4438-87ad-97f053d7eb9d	TCGA-DU-7019-01A-11R-2026-13_mirna_gdc_realn.bam	Sequencing Reads	Aligned Reads	TCGA-LGG	TCGA-DU-7019	TCGA-DU-7019-01A	Tumor	Primary	Solid Tissue	Unknown
0c65c1ad-de91-48ce-a740-adbb00c3956d	TCGA-P5-A737-01A-11R-A360-13_mirna_gdc_realn.bam	Sequencing Reads	Aligned Reads	TCGA-LGG	TCGA-P5-A737	TCGA-P5-A737-01A	Tumor	Primary	Solid Tissue	OCT
5e87cd9a-27ac-41e0-9944-ff284732e6fe	TCGA-DB-A4XD-01A-11R-A27U-13_mirna_gdc_realn.bam	Sequencing Reads	Aligned Reads	TCGA-LGG	TCGA-DB-A4XD	TCGA-DB-A4XD-01A	Tumor	Primary	Solid Tissue	OCT
7b70d747-209c-4345-b158-5f75133d845a	TCGA-DU-A5TU-01A-11R-A28I-13_mirna_gdc_realn.bam	Sequencing Reads	Aligned Reads	TCGA-LGG	TCGA-DU-A5TU	TCGA-DU-A5TU-01A	Tumor	Primary	Solid Tissue	Unknown
b39f79f5-5bb0-4999-a983-f9913f35511c	TCGA-DU-5874-01A-11R-1707-13_mirna_gdc_realn.bam	Sequencing Reads	Aligned Reads	TCGA-LGG	TCGA-DU-5874	TCGA-DU-5874-01A	Tumor	Primary	Solid Tissue	Unknown
5150e1a4-f6c3-44ec-8953-61e95c7a6309	TCGA-DU-A6S3-01A-12R-A32L-13_mirna_gdc_realn.bam	Sequencing Reads	Aligned Reads	TCGA-LGG	TCGA-DU-A6S3	TCGA-DU-A6S3-01A	Tumor	Primary	Solid Tissue	Unknown
59fdcbff-f04c-450b-ac85-afdf3b994d08	TCGA-R8-A6MO-01A-11R-A342-13_mirna_gdc_realn.bam	Sequencing Reads	Aligned Reads	TCGA-LGG	TCGA-R8-A6MO	TCGA-R8-A6MO-01A	Tumor	Primary	Solid Tissue	OCT
2b06952d-6596-4657-adbb-1c64e444d771	TCGA-P5-A5EX-01A-12R-A28I-13_mirna_gdc_realn.bam	Sequencing Reads	Aligned Reads	TCGA-LGG	TCGA-P5-A5EX	TCGA-P5-A5EX-01A	Tumor	Primary	Solid Tissue	OCT
33527964-eb60-4c78-b1b0-a3d8726bdfba	TCGA-RY-A843-01A-11R-A36C-13_mirna_gdc_realn.bam	Sequencing Reads	Aligned Reads	TCGA-LGG	TCGA-RY-A843	TCGA-RY-A843-01A	Tumor	Primary	Solid Tissue	Unknown
317fbdc0-ec6c-42af-95ff-a8b6c2e888b1	TCGA-FG-7638-01B-12R-2089-13_mirna_gdc_realn.bam	Sequencing Reads	Aligned Reads	TCGA-LGG	TCGA-FG-7638	TCGA-FG-7638-01B	Tumor	Primary	Solid Tissue	Unknown
156dc18f-a5b4-435a-8556-e44a42773331	TCGA-FG-A711-01A-21R-A342-13_mirna_gdc_realn.bam	Sequencing Reads	Aligned Reads	TCGA-LGG	TCGA-FG-A711	TCGA-FG-A711-01A	Tumor	Primary	Solid Tissue	Unknown
6dc91b68-12e4-4251-a884-e40c746d3fd6	TCGA-DU-7006-01A-11R-2026-13_mirna_gdc_realn.bam	Sequencing Reads	Aligned Reads	TCGA-LGG	TCGA-DU-7006	TCGA-DU-7006-01A	Tumor	Primary	Solid Tissue	Unknown
a6aa40e8-c2ad-4493-9fd6-6f70dc26ab50	TCGA-TM-A84R-01A-21R-A36C-13_mirna_gdc_realn.bam	Sequencing Reads	Aligned Reads	TCGA-LGG	TCGA-TM-A84R	TCGA-TM-A84R-01A	Tumor	Primary	Solid Tissue	Unknown
112ed425-d5df-4aa5-9c1d-2901befb0be6	TCGA-WY-A85E-01A-11R-A36C-13_mirna_gdc_realn.bam	Sequencing Reads	Aligned Reads	TCGA-LGG	TCGA-WY-A85E	TCGA-WY-A85E-01A	Tumor	Primary	Solid Tissue	OCT
e0c5ed07-8dfc-4d55-a7f1-1442ac4cf22d	TCGA-E1-A7YV-01A-11R-A34O-13_mirna_gdc_realn.bam	Sequencing Reads	Aligned Reads	TCGA-LGG	TCGA-E1-A7YV	TCGA-E1-A7YV-01A	Tumor	Primary	Solid Tissue	OCT
d984e7ff-e3d6-42c6-b111-c04014fba0b7	TCGA-HT-7607-01A-11R-2089-13_mirna_gdc_realn.bam	Sequencing Reads	Aligned Reads	TCGA-LGG	TCGA-HT-7607	TCGA-HT-7607-01A	Tumor	Primary	Solid Tissue	Unknown
05ab843d-b43e-4b6e-b360-daa6ca2f077b	TCGA-HT-7476-01A-11R-2026-13_mirna_gdc_realn.bam	Sequencing Reads	Aligned Reads	TCGA-LGG	TCGA-HT-7476	TCGA-HT-7476-01A	Tumor	Primary	Solid Tissue	Unknown
0be534f5-beab-4fdc-b4da-a55ff3bc3f37	TCGA-VV-A86M-01A-11R-A36C-13_mirna_gdc_realn.bam	Sequencing Reads	Aligned Reads	TCGA-LGG	TCGA-VV-A86M	TCGA-VV-A86M-01A	Tumor	Primary	Solid Tissue	OCT
8f4e947b-8ade-489f-a0f6-2fa18f63f98e	TCGA-TM-A7CA-01A-21R-A342-13_mirna_gdc_realn.bam	Sequencing Reads	Aligned Reads	TCGA-LGG	TCGA-TM-A7CA	TCGA-TM-A7CA-01A	Tumor	Primary	Solid Tissue	Unknown
9fcd8665-375f-4c6b-aa0d-92b0f8dc51bb	TCGA-QH-A6CV-01A-11R-A31R-13_mirna_gdc_realn.bam	Sequencing Reads	Aligned Reads	TCGA-LGG	TCGA-QH-A6CV	TCGA-QH-A6CV-01A	Tumor	Primary	Solid Tissue	Unknown
2e1e37e0-a269-4c1b-ad3e-fce8838cce9d	TCGA-DH-5140-01A-01R-1469-13_mirna_gdc_realn.bam	Sequencing Reads	Aligned Reads	TCGA-LGG	TCGA-DH-5140	TCGA-DH-5140-01A	Tumor	Primary	Solid Tissue	Unknown
a8dd1913-91f7-42b2-8f8a-352dd7023146	TCGA-VW-A7QS-01A-12R-A342-13_mirna_gdc_realn.bam	Sequencing Reads	Aligned Reads	TCGA-LGG	TCGA-VW-A7QS	TCGA-VW-A7QS-01A	Tumor	Primary	Solid Tissue	OCT
5481985c-557b-46d1-9447-4a634e05392c	TCGA-DU-5853-01A-11R-1895-13_mirna_gdc_realn.bam	Sequencing Reads	Aligned Reads	TCGA-LGG	TCGA-DU-5853	TCGA-DU-5853-01A	Tumor	Primary	Solid Tissue	Unknown
8e7ec41a-b801-4bf9-bce2-684df6a87655	TCGA-FG-7634-01A-11R-2089-13_mirna_gdc_realn.bam	Sequencing Reads	Aligned Reads	TCGA-LGG	TCGA-FG-7634	TCGA-FG-7634-01A	Tumor	Primary	Solid Tissue	Unknown
c6064b85-b132-48b1-9712-8ea13138e25c	TCGA-P5-A5F6-01A-11R-A28I-13_mirna_gdc_realn.bam	Sequencing Reads	Aligned Reads	TCGA-LGG	TCGA-P5-A5F6	TCGA-P5-A5F6-01A	Tumor	Primary	Solid Tissue	OCT
a7a1996c-9258-4f6b-bab1-42eca0cc80ac	TCGA-TQ-A7RK-01A-11R-A342-13_mirna_gdc_realn.bam	Sequencing Reads	Aligned Reads	TCGA-LGG	TCGA-TQ-A7RK	TCGA-TQ-A7RK-01A	Tumor	Primary	Solid Tissue	Unknown
53195f18-e5c2-4d28-addd-4663d3391c6e	TCGA-P5-A72X-01A-11R-A32L-13_mirna_gdc_realn.bam	Sequencing Reads	Aligned Reads	TCGA-LGG	TCGA-P5-A72X	TCGA-P5-A72X-01A	Tumor	Primary	Solid Tissue	OCT
5f12ad74-bbd8-46b0-9ab0-dbabc24f91be	TCGA-DU-A76K-01A-11R-A342-13_mirna_gdc_realn.bam	Sequencing Reads	Aligned Reads	TCGA-LGG	TCGA-DU-A76K	TCGA-DU-A76K-01A	Tumor	Primary	Solid Tissue	Unknown
96288f10-3f48-4e7d-bcd8-36a8a6e3d204	TCGA-HT-7480-01A-11R-2089-13_mirna_gdc_realn.bam	Sequencing Reads	Aligned Reads	TCGA-LGG	TCGA-HT-7480	TCGA-HT-7480-01A	Tumor	Primary	Solid Tissue	Unknown
c5c3b6ad-7552-4fad-b3d9-9adac2bc82d3	TCGA-CS-4938-01B-11R-1895-13_mirna_gdc_realn.bam	Sequencing Reads	Aligned Reads	TCGA-LGG	TCGA-CS-4938	TCGA-CS-4938-01B	Tumor	Primary	Solid Tissue	Unknown
70b32897-eb6c-4395-8d99-0a771fe914d1	TCGA-P5-A731-01A-11R-A32L-13_mirna_gdc_realn.bam	Sequencing Reads	Aligned Reads	TCGA-LGG	TCGA-P5-A731	TCGA-P5-A731-01A	Tumor	Primary	Solid Tissue	OCT
6385808e-cf15-4802-b741-7c667591c6ae	TCGA-DB-A4XC-01A-11R-A26Y-13_mirna_gdc_realn.bam	Sequencing Reads	Aligned Reads	TCGA-LGG	TCGA-DB-A4XC	TCGA-DB-A4XC-01A	Tumor	Primary	Solid Tissue	OCT
f6ee07d8-8628-4b50-9050-67cb28880b35	TCGA-S9-A7J1-01A-21R-A34O-13_mirna_gdc_realn.bam	Sequencing Reads	Aligned Reads	TCGA-LGG	TCGA-S9-A7J1	TCGA-S9-A7J1-01A	Tumor	Primary	Solid Tissue	Unknown
69ad482b-07d9-427a-9704-ae5ba87a75c2	TCGA-TQ-A7RM-01A-11R-A342-13_mirna_gdc_realn.bam	Sequencing Reads	Aligned Reads	TCGA-LGG	TCGA-TQ-A7RM	TCGA-TQ-A7RM-01A	Tumor	Primary	Solid Tissue	Unknown
abccf549-82b2-4e26-86cd-b557321b0ca7	TCGA-QH-A870-01A-11R-A36C-13_mirna_gdc_realn.bam	Sequencing Reads	Aligned Reads	TCGA-LGG	TCGA-QH-A870	TCGA-QH-A870-01A	Tumor	Primary	Solid Tissue	Unknown
920a54ea-d01b-4bef-b8b5-9a8134f5532b	TCGA-RY-A845-01A-11R-A36C-13_mirna_gdc_realn.bam	Sequencing Reads	Aligned Reads	TCGA-LGG	TCGA-RY-A845	TCGA-RY-A845-01A	Tumor	Primary	Solid Tissue	Unknown
4bac6a1f-9645-49d8-820d-4d97940ea44d	TCGA-S9-A6U9-01A-11R-A32L-13_mirna_gdc_realn.bam	Sequencing Reads	Aligned Reads	TCGA-LGG	TCGA-S9-A6U9	TCGA-S9-A6U9-01A	Tumor	Primary	Solid Tissue	Unknown
7779d7ce-770d-4604-b0e5-0a2b2ab5c5dc	TCGA-HT-7477-01B-11R-A28I-13_mirna_gdc_realn.bam	Sequencing Reads	Aligned Reads	TCGA-LGG	TCGA-HT-7477	TCGA-HT-7477-01B	Tumor	Primary	Solid Tissue	OCT
05fb74ce-3398-4098-918d-cab89881d9a4	TCGA-DU-A76L-01A-11R-A32L-13_mirna_gdc_realn.bam	Sequencing Reads	Aligned Reads	TCGA-LGG	TCGA-DU-A76L	TCGA-DU-A76L-01A	Tumor	Primary	Solid Tissue	Unknown
44ed181c-03da-440d-9c8e-9f8213139315	TCGA-E1-A7Z3-01A-11R-A34O-13_mirna_gdc_realn.bam	Sequencing Reads	Aligned Reads	TCGA-LGG	TCGA-E1-A7Z3	TCGA-E1-A7Z3-01A	Tumor	Primary	Solid Tissue	OCT
d7644b29-0202-4759-b42c-540f2d6bc7b2	TCGA-DH-A7UV-01A-12R-A34G-13_mirna_gdc_realn.bam	Sequencing Reads	Aligned Reads	TCGA-LGG	TCGA-DH-A7UV	TCGA-DH-A7UV-01A	Tumor	Primary	Solid Tissue	Unknown
0a3da711-33af-46cc-8b5e-07fbc5eeb5b2	TCGA-DU-A6S6-01A-21R-A32L-13_mirna_gdc_realn.bam	Sequencing Reads	Aligned Reads	TCGA-LGG	TCGA-DU-A6S6	TCGA-DU-A6S6-01A	Tumor	Primary	Solid Tissue	Unknown
08c52e74-de56-4030-8b96-4ec91b9dc16c	TCGA-P5-A781-01A-11R-A32L-13_mirna_gdc_realn.bam	Sequencing Reads	Aligned Reads	TCGA-LGG	TCGA-P5-A781	TCGA-P5-A781-01A	Tumor	Primary	Solid Tissue	OCT
ff01c63d-2fc4-4dd1-abb8-56f3520b0589	TCGA-HT-7687-01A-11R-2255-13_mirna_gdc_realn.bam	Sequencing Reads	Aligned Reads	TCGA-LGG	TCGA-HT-7687	TCGA-HT-7687-01A	Tumor	Primary	Solid Tissue	Unknown
9146df80-8960-4518-a8d1-b9aa3b90d0e0	TCGA-DU-7294-01A-11R-2026-13_mirna_gdc_realn.bam	Sequencing Reads	Aligned Reads	TCGA-LGG	TCGA-DU-7294	TCGA-DU-7294-01A	Tumor	Primary	Solid Tissue	Unknown
781ddee3-df8f-408a-96c2-0edcabbe8952	TCGA-CS-6188-01A-11R-1895-13_mirna_gdc_realn.bam	Sequencing Reads	Aligned Reads	TCGA-LGG	TCGA-CS-6188	TCGA-CS-6188-01A	Tumor	Primary	Solid Tissue	Unknown
0418b1c0-1e3c-47b1-94d5-eabf331818d8	TCGA-E1-5318-01A-01R-1469-13_mirna_gdc_realn.bam	Sequencing Reads	Aligned Reads	TCGA-LGG	TCGA-E1-5318	TCGA-E1-5318-01A	Tumor	Primary	Solid Tissue	Unknown
3ce8204d-49ec-4cf0-a016-880142a43bb2	TCGA-DB-A4XF-01A-11R-A27U-13_mirna_gdc_realn.bam	Sequencing Reads	Aligned Reads	TCGA-LGG	TCGA-DB-A4XF	TCGA-DB-A4XF-01A	Tumor	Primary	Solid Tissue	OCT
fea56b19-f46a-4513-9d4d-d229de3c6681	TCGA-HT-7875-01A-11R-2401-13_mirna_gdc_realn.bam	Sequencing Reads	Aligned Reads	TCGA-LGG	TCGA-HT-7875	TCGA-HT-7875-01A	Tumor	Primary	Solid Tissue	Unknown
1261da77-45da-418f-aee8-382aa09aa45d	TCGA-HT-7475-01A-11R-2026-13_mirna_gdc_realn.bam	Sequencing Reads	Aligned Reads	TCGA-LGG	TCGA-HT-7475	TCGA-HT-7475-01A	Tumor	Primary	Solid Tissue	Unknown
fe78a150-4a30-40cd-85c9-a3131df5c2d1	TCGA-S9-A6TS-01A-12R-A342-13_mirna_gdc_realn.bam	Sequencing Reads	Aligned Reads	TCGA-LGG	TCGA-S9-A6TS	TCGA-S9-A6TS-01A	Tumor	Primary	Solid Tissue	Unknown
3ad3a6e6-c0c7-4b24-8985-45867291b541	TCGA-S9-A6U2-01A-21R-A342-13_mirna_gdc_realn.bam	Sequencing Reads	Aligned Reads	TCGA-LGG	TCGA-S9-A6U2	TCGA-S9-A6U2-01A	Tumor	Primary	Solid Tissue	Unknown
3775b8aa-1723-40a4-9cf3-ca156951ee6b	TCGA-HW-7487-01A-11R-2026-13_mirna_gdc_realn.bam	Sequencing Reads	Aligned Reads	TCGA-LGG	TCGA-HW-7487	TCGA-HW-7487-01A	Tumor	Primary	Solid Tissue	Unknown
ad759922-5c17-4864-8d82-c345ab9a1400	TCGA-HT-7880-01A-11R-2401-13_mirna_gdc_realn.bam	Sequencing Reads	Aligned Reads	TCGA-LGG	TCGA-HT-7880	TCGA-HT-7880-01A	Tumor	Primary	Solid Tissue	Unknown
6326ad39-7003-442a-b9c1-7fd60820feee	TCGA-DU-7008-01A-11R-2026-13_mirna_gdc_realn.bam	Sequencing Reads	Aligned Reads	TCGA-LGG	TCGA-DU-7008	TCGA-DU-7008-01A	Tumor	Primary	Solid Tissue	Unknown
1b327d31-08b3-4fdd-9cc1-e3bd9f17e530	TCGA-S9-A7QX-01A-11R-A34G-13_mirna_gdc_realn.bam	Sequencing Reads	Aligned Reads	TCGA-LGG	TCGA-S9-A7QX	TCGA-S9-A7QX-01A	Tumor	Primary	Solid Tissue	Unknown
aa1e7e25-2b6e-4dfd-b25e-e573f90063d1	TCGA-QH-A6XA-01A-12R-A32L-13_mirna_gdc_realn.bam	Sequencing Reads	Aligned Reads	TCGA-LGG	TCGA-QH-A6XA	TCGA-QH-A6XA-01A	Tumor	Primary	Solid Tissue	Unknown
036348e2-98ac-47ef-b0ca-437f243cb257	TCGA-DU-6394-01A-11R-1707-13_mirna_gdc_realn.bam	Sequencing Reads	Aligned Reads	TCGA-LGG	TCGA-DU-6394	TCGA-DU-6394-01A	Tumor	Primary	Solid Tissue	Unknown
74164f51-33fd-4ad7-95a3-cc1f895c4e08	TCGA-S9-A6TX-01A-21R-A360-13_mirna_gdc_realn.bam	Sequencing Reads	Aligned Reads	TCGA-LGG	TCGA-S9-A6TX	TCGA-S9-A6TX-01A	Tumor	Primary	Solid Tissue	Unknown
04af7556-416c-4b02-8fc1-48ee2f3557bb	TCGA-TQ-A7RS-01A-12R-A342-13_mirna_gdc_realn.bam	Sequencing Reads	Aligned Reads	TCGA-LGG	TCGA-TQ-A7RS	TCGA-TQ-A7RS-01A	Tumor	Primary	Solid Tissue	Unknown
d8576742-9ff5-4ba0-8044-af834dde4da5	TCGA-P5-A730-01A-11R-A32L-13_mirna_gdc_realn.bam	Sequencing Reads	Aligned Reads	TCGA-LGG	TCGA-P5-A730	TCGA-P5-A730-01A	Tumor	Primary	Solid Tissue	OCT
875af6a9-303c-4e1c-a51f-a6b8d8bf6b30	TCGA-HT-7482-01A-11R-2026-13_mirna_gdc_realn.bam	Sequencing Reads	Aligned Reads	TCGA-LGG	TCGA-HT-7482	TCGA-HT-7482-01A	Tumor	Primary	Solid Tissue	Unknown
b1f36694-bc00-4534-a52d-de2ba1772d54	TCGA-E1-5303-01A-01R-1469-13_mirna_gdc_realn.bam	Sequencing Reads	Aligned Reads	TCGA-LGG	TCGA-E1-5303	TCGA-E1-5303-01A	Tumor	Primary	Solid Tissue	Unknown
3f594023-188a-449f-9aee-1c16368dd6db	TCGA-QH-A65X-01A-11R-A360-13_mirna_gdc_realn.bam	Sequencing Reads	Aligned Reads	TCGA-LGG	TCGA-QH-A65X	TCGA-QH-A65X-01A	Tumor	Primary	Solid Tissue	Unknown
973274ca-f6fa-44b0-bdbe-3e935fb3deac	TCGA-DU-6410-01A-11R-1895-13_mirna_gdc_realn.bam	Sequencing Reads	Aligned Reads	TCGA-LGG	TCGA-DU-6410	TCGA-DU-6410-01A	Tumor	Primary	Solid Tissue	Unknown
886821b0-4bb9-4874-9eda-b48be4e462ce	TCGA-DB-5280-01A-01R-1469-13_mirna_gdc_realn.bam	Sequencing Reads	Aligned Reads	TCGA-LGG	TCGA-DB-5280	TCGA-DB-5280-01A	Tumor	Primary	Solid Tissue	Unknown
8bbf1255-27a9-4c27-858d-47c3f521bf34	TCGA-HT-7472-01A-11R-2026-13_mirna_gdc_realn.bam	Sequencing Reads	Aligned Reads	TCGA-LGG	TCGA-HT-7472	TCGA-HT-7472-01A	Tumor	Primary	Solid Tissue	Unknown
f55e3315-32bd-49d6-9e5a-b6574288118c	TCGA-HT-7471-01A-11R-2255-13_mirna_gdc_realn.bam	Sequencing Reads	Aligned Reads	TCGA-LGG	TCGA-HT-7471	TCGA-HT-7471-01A	Tumor	Primary	Solid Tissue	Unknown
c94fe833-00a7-49fc-a5e7-1678c53c63f5	TCGA-HT-7610-01A-21R-2089-13_mirna_gdc_realn.bam	Sequencing Reads	Aligned Reads	TCGA-LGG	TCGA-HT-7610	TCGA-HT-7610-01A	Tumor	Primary	Solid Tissue	Unknown
222aaca5-024f-4c1b-91a5-9bfd1f5ddd59	TCGA-VM-A8CH-01A-12R-A36C-13_mirna_gdc_realn.bam	Sequencing Reads	Aligned Reads	TCGA-LGG	TCGA-VM-A8CH	TCGA-VM-A8CH-01A	Tumor	Primary	Solid Tissue	Unknown
df39ea3d-b598-46f3-b03f-6cc792d4254f	TCGA-HW-7495-01A-11R-2026-13_mirna_gdc_realn.bam	Sequencing Reads	Aligned Reads	TCGA-LGG	TCGA-HW-7495	TCGA-HW-7495-01A	Tumor	Primary	Solid Tissue	Unknown
4ce8d7ec-e56d-4adf-ad18-11c34e13bd4d	TCGA-P5-A72U-01A-31R-A360-13_mirna_gdc_realn.bam	Sequencing Reads	Aligned Reads	TCGA-LGG	TCGA-P5-A72U	TCGA-P5-A72U-01A	Tumor	Primary	Solid Tissue	OCT
43092f55-f0fe-41ae-90dd-367736f5d39b	TCGA-HT-7854-01A-11R-2255-13_mirna_gdc_realn.bam	Sequencing Reads	Aligned Reads	TCGA-LGG	TCGA-HT-7854	TCGA-HT-7854-01A	Tumor	Primary	Solid Tissue	Unknown
f8e97905-ad4b-4bc7-b435-c09e9a51bcf2	TCGA-HT-7478-01A-11R-2026-13_mirna_gdc_realn.bam	Sequencing Reads	Aligned Reads	TCGA-LGG	TCGA-HT-7478	TCGA-HT-7478-01A	Tumor	Primary	Solid Tissue	Unknown
dfaade9a-3a55-47ba-b0e1-5442390856b9	TCGA-HT-7857-01A-11R-2401-13_mirna_gdc_realn.bam	Sequencing Reads	Aligned Reads	TCGA-LGG	TCGA-HT-7857	TCGA-HT-7857-01A	Tumor	Primary	Solid Tissue	Unknown
b500b98a-3b03-4cce-afde-1604be10d02e	TCGA-DU-6399-01A-12R-1707-13_mirna_gdc_realn.bam	Sequencing Reads	Aligned Reads	TCGA-LGG	TCGA-DU-6399	TCGA-DU-6399-01A	Tumor	Primary	Solid Tissue	Unknown
617ef6ae-2a80-4b0a-b8bc-88ba1fc9e666	TCGA-VW-A8FI-01A-11R-A36C-13_mirna_gdc_realn.bam	Sequencing Reads	Aligned Reads	TCGA-LGG	TCGA-VW-A8FI	TCGA-VW-A8FI-01A	Tumor	Primary	Solid Tissue	OCT
e09aa227-452f-4a7c-857c-035fa49c83a3	TCGA-HT-7695-01A-11R-2255-13_mirna_gdc_realn.bam	Sequencing Reads	Aligned Reads	TCGA-LGG	TCGA-HT-7695	TCGA-HT-7695-01A	Tumor	Primary	Solid Tissue	Unknown
300c3381-34b8-415c-b75a-54b36bb16db8	TCGA-QH-A65R-01A-21R-A31R-13_mirna_gdc_realn.bam	Sequencing Reads	Aligned Reads	TCGA-LGG	TCGA-QH-A65R	TCGA-QH-A65R-01A	Tumor	Primary	Solid Tissue	Unknown
887365c6-909f-4abf-8038-04e54e8b8ea1	TCGA-VM-A8C9-01A-11R-A36C-13_mirna_gdc_realn.bam	Sequencing Reads	Aligned Reads	TCGA-LGG	TCGA-VM-A8C9	TCGA-VM-A8C9-01A	Tumor	Primary	Solid Tissue	Unknown
5be43243-2723-44e7-9760-e2bd28001250	TCGA-S9-A7R4-01A-12R-A34O-13_mirna_gdc_realn.bam	Sequencing Reads	Aligned Reads	TCGA-LGG	TCGA-S9-A7R4	TCGA-S9-A7R4-01A	Tumor	Primary	Solid Tissue	Unknown
0295fb92-0e8d-4bb1-b416-bac44f8bede3	TCGA-DU-8167-01A-11R-2255-13_mirna_gdc_realn.bam	Sequencing Reads	Aligned Reads	TCGA-LGG	TCGA-DU-8167	TCGA-DU-8167-01A	Tumor	Primary	Solid Tissue	Unknown
caff56a6-c93b-4eb6-9976-ad70d0f43b37	TCGA-HT-8011-01A-11R-2401-13_mirna_gdc_realn.bam	Sequencing Reads	Aligned Reads	TCGA-LGG	TCGA-HT-8011	TCGA-HT-8011-01A	Tumor	Primary	Solid Tissue	Unknown
3ade5c9a-ebd4-473d-9137-eb092e8746ea	TCGA-P5-A72W-01A-11R-A360-13_mirna_gdc_realn.bam	Sequencing Reads	Aligned Reads	TCGA-LGG	TCGA-P5-A72W	TCGA-P5-A72W-01A	Tumor	Primary	Solid Tissue	OCT
eceb510c-2261-42c7-b190-af783c7b0f2d	TCGA-HT-A5RA-01A-11R-A28I-13_mirna_gdc_realn.bam	Sequencing Reads	Aligned Reads	TCGA-LGG	TCGA-HT-A5RA	TCGA-HT-A5RA-01A	Tumor	Primary	Solid Tissue	OCT
43a7f936-58f6-4694-9c25-a5a468694f48	TCGA-TQ-A7RV-01A-21R-A34G-13_mirna_gdc_realn.bam	Sequencing Reads	Aligned Reads	TCGA-LGG	TCGA-TQ-A7RV	TCGA-TQ-A7RV-01A	Tumor	Primary	Solid Tissue	Unknown
294e9b76-1207-4c6b-abd0-1bc9d4a675f8	TCGA-DU-A7TC-01A-21R-A34O-13_mirna_gdc_realn.bam	Sequencing Reads	Aligned Reads	TCGA-LGG	TCGA-DU-A7TC	TCGA-DU-A7TC-01A	Tumor	Primary	Solid Tissue	Unknown
733910f2-d8b8-4c60-86a9-d4a7a26deb2a	TCGA-DU-7302-01A-11R-2089-13_mirna_gdc_realn.bam	Sequencing Reads	Aligned Reads	TCGA-LGG	TCGA-DU-7302	TCGA-DU-7302-01A	Tumor	Primary	Solid Tissue	Unknown
55f2ecff-b70e-48e5-ad9f-1c7eb7f45e73	TCGA-DU-5849-01A-11R-1707-13_mirna_gdc_realn.bam	Sequencing Reads	Aligned Reads	TCGA-LGG	TCGA-DU-5849	TCGA-DU-5849-01A	Tumor	Primary	Solid Tissue	Unknown
0f12e8dd-1168-448b-b6ea-422538d5a2aa	TCGA-FG-A710-01A-12R-A342-13_mirna_gdc_realn.bam	Sequencing Reads	Aligned Reads	TCGA-LGG	TCGA-FG-A710	TCGA-FG-A710-01A	Tumor	Primary	Solid Tissue	Unknown
5e0698df-fd7b-4661-9d5e-23b74b034aee	TCGA-DH-5142-01A-01R-1469-13_mirna_gdc_realn.bam	Sequencing Reads	Aligned Reads	TCGA-LGG	TCGA-DH-5142	TCGA-DH-5142-01A	Tumor	Primary	Solid Tissue	Unknown
78514b08-bf0c-47fd-a573-3a7151cf2980	TCGA-HT-8104-01A-11R-2401-13_mirna_gdc_realn.bam	Sequencing Reads	Aligned Reads	TCGA-LGG	TCGA-HT-8104	TCGA-HT-8104-01A	Tumor	Primary	Solid Tissue	Unknown
ce55b188-3fde-48dd-88c3-fbc9ca144348	TCGA-DB-A4X9-01A-11R-A26Y-13_mirna_gdc_realn.bam	Sequencing Reads	Aligned Reads	TCGA-LGG	TCGA-DB-A4X9	TCGA-DB-A4X9-01A	Tumor	Primary	Solid Tissue	OCT
f6715d8e-db4f-4673-8636-7b2965b1db09	TCGA-E1-5322-01A-01R-1469-13_mirna_gdc_realn.bam	Sequencing Reads	Aligned Reads	TCGA-LGG	TCGA-E1-5322	TCGA-E1-5322-01A	Tumor	Primary	Solid Tissue	Unknown
5cf6640c-f11a-467d-be3c-1bde17f2cadc	TCGA-E1-A7YW-01A-11R-A34O-13_mirna_gdc_realn.bam	Sequencing Reads	Aligned Reads	TCGA-LGG	TCGA-E1-A7YW	TCGA-E1-A7YW-01A	Tumor	Primary	Solid Tissue	OCT
8c7ceee8-9d3b-44cf-9444-e247a7094c78	TCGA-FG-6692-01A-11R-1895-13_mirna_gdc_realn.bam	Sequencing Reads	Aligned Reads	TCGA-LGG	TCGA-FG-6692	TCGA-FG-6692-01A	Tumor	Primary	Solid Tissue	Unknown
cc781008-1689-45b0-b16e-ad7eac362e4c	TCGA-DB-A75K-01A-11R-A360-13_mirna_gdc_realn.bam	Sequencing Reads	Aligned Reads	TCGA-LGG	TCGA-DB-A75K	TCGA-DB-A75K-01A	Tumor	Primary	Solid Tissue	OCT
275786bb-3fd5-48d9-961e-905acdf4bd92	TCGA-TQ-A7RR-01A-21R-A34G-13_mirna_gdc_realn.bam	Sequencing Reads	Aligned Reads	TCGA-LGG	TCGA-TQ-A7RR	TCGA-TQ-A7RR-01A	Tumor	Primary	Solid Tissue	Unknown
8d41a979-5424-4e9a-9d2f-ca260fcae134	TCGA-HW-8322-01A-11R-2401-13_mirna_gdc_realn.bam	Sequencing Reads	Aligned Reads	TCGA-LGG	TCGA-HW-8322	TCGA-HW-8322-01A	Tumor	Primary	Solid Tissue	Unknown
fa2adc7d-8bd3-41fc-80d7-cf7ff37b8504	TCGA-HT-A5R5-01A-11R-A28I-13_mirna_gdc_realn.bam	Sequencing Reads	Aligned Reads	TCGA-LGG	TCGA-HT-A5R5	TCGA-HT-A5R5-01A	Tumor	Primary	Solid Tissue	OCT
d360cca7-6c5c-4432-a959-0407a8cf6c59	TCGA-TQ-A7RG-01A-11R-A342-13_mirna_gdc_realn.bam	Sequencing Reads	Aligned Reads	TCGA-LGG	TCGA-TQ-A7RG	TCGA-TQ-A7RG-01A	Tumor	Primary	Solid Tissue	Unknown
9d21b9c8-bdb0-4add-bf5c-19ea6393fe84	TCGA-TM-A84M-01A-11R-A36C-13_mirna_gdc_realn.bam	Sequencing Reads	Aligned Reads	TCGA-LGG	TCGA-TM-A84M	TCGA-TM-A84M-01A	Tumor	Primary	Solid Tissue	Unknown
172a4a80-692e-4913-a063-d18631b04787	TCGA-E1-A7YY-01A-11R-A34O-13_mirna_gdc_realn.bam	Sequencing Reads	Aligned Reads	TCGA-LGG	TCGA-E1-A7YY	TCGA-E1-A7YY-01A	Tumor	Primary	Solid Tissue	OCT
a9e770ae-d9ce-4cc6-92d2-5983d2388532	TCGA-RY-A83X-01A-11R-A36C-13_mirna_gdc_realn.bam	Sequencing Reads	Aligned Reads	TCGA-LGG	TCGA-RY-A83X	TCGA-RY-A83X-01A	Tumor	Primary	Solid Tissue	Unknown
6e8879b7-870d-4193-82b4-5af5d58f87b0	TCGA-E1-A7YQ-01A-11R-A34O-13_mirna_gdc_realn.bam	Sequencing Reads	Aligned Reads	TCGA-LGG	TCGA-E1-A7YQ	TCGA-E1-A7YQ-01A	Tumor	Primary	Solid Tissue	OCT
f2c6fc32-5d1b-479c-9414-cbb48f757baf	TCGA-S9-A7QW-01A-11R-A34G-13_mirna_gdc_realn.bam	Sequencing Reads	Aligned Reads	TCGA-LGG	TCGA-S9-A7QW	TCGA-S9-A7QW-01A	Tumor	Primary	Solid Tissue	Unknown
997dda60-472a-4724-af05-7a58c3d8ff68	TCGA-FG-A4MU-01B-11R-A28I-13_mirna_gdc_realn.bam	Sequencing Reads	Aligned Reads	TCGA-LGG	TCGA-FG-A4MU	TCGA-FG-A4MU-01B	Tumor	Primary	Solid Tissue	Unknown
a2846a79-f159-4133-9479-716d597ea724	TCGA-QH-A6CU-01A-11R-A31R-13_mirna_gdc_realn.bam	Sequencing Reads	Aligned Reads	TCGA-LGG	TCGA-QH-A6CU	TCGA-QH-A6CU-01A	Tumor	Primary	Solid Tissue	Unknown
32d9e194-1420-41ae-8a81-9590027062ce	TCGA-DH-A669-01A-12R-A31R-13_mirna_gdc_realn.bam	Sequencing Reads	Aligned Reads	TCGA-LGG	TCGA-DH-A669	TCGA-DH-A669-01A	Tumor	Primary	Solid Tissue	Unknown
a02d6948-6a29-468e-b136-67cba790077a	TCGA-DB-A4XG-01A-11R-A27U-13_mirna_gdc_realn.bam	Sequencing Reads	Aligned Reads	TCGA-LGG	TCGA-DB-A4XG	TCGA-DB-A4XG-01A	Tumor	Primary	Solid Tissue	OCT
aad4d334-ab20-481c-b7d1-05515232080d	TCGA-HT-A61C-01A-11R-A29V-13_mirna_gdc_realn.bam	Sequencing Reads	Aligned Reads	TCGA-LGG	TCGA-HT-A61C	TCGA-HT-A61C-01A	Tumor	Primary	Solid Tissue	Unknown
384a143d-b87b-4eda-b2c6-20dba58a690c	TCGA-HT-7688-01A-11R-2255-13_mirna_gdc_realn.bam	Sequencing Reads	Aligned Reads	TCGA-LGG	TCGA-HT-7688	TCGA-HT-7688-01A	Tumor	Primary	Solid Tissue	Unknown
171d324c-f228-4e9c-b458-0d9eda19c97a	TCGA-HT-7874-01A-11R-2401-13_mirna_gdc_realn.bam	Sequencing Reads	Aligned Reads	TCGA-LGG	TCGA-HT-7874	TCGA-HT-7874-01A	Tumor	Primary	Solid Tissue	Unknown
20fe8005-f4bc-4f26-802f-cee26cd08888	TCGA-F6-A8O3-01A-11R-A36C-13_mirna_gdc_realn.bam	Sequencing Reads	Aligned Reads	TCGA-LGG	TCGA-F6-A8O3	TCGA-F6-A8O3-01A	Tumor	Primary	Solid Tissue	OCT
7450f795-58da-4f9d-a185-e37aaa7a834c	TCGA-S9-A7R8-01A-11R-A34O-13_mirna_gdc_realn.bam	Sequencing Reads	Aligned Reads	TCGA-LGG	TCGA-S9-A7R8	TCGA-S9-A7R8-01A	Tumor	Primary	Solid Tissue	Unknown
654c7fb2-7d54-4c99-ac0f-690e22033b35	TCGA-S9-A7R1-01A-12R-A34O-13_mirna_gdc_realn.bam	Sequencing Reads	Aligned Reads	TCGA-LGG	TCGA-S9-A7R1	TCGA-S9-A7R1-01A	Tumor	Primary	Solid Tissue	Unknown
dc581be8-f19d-4684-b95b-ef376b65a819	TCGA-S9-A7QZ-01A-12R-A34O-13_mirna_gdc_realn.bam	Sequencing Reads	Aligned Reads	TCGA-LGG	TCGA-S9-A7QZ	TCGA-S9-A7QZ-01A	Tumor	Primary	Solid Tissue	Unknown
f7520057-cf0b-4a6c-86a1-1afe27126bc6	TCGA-TQ-A7RI-01A-11R-A342-13_mirna_gdc_realn.bam	Sequencing Reads	Aligned Reads	TCGA-LGG	TCGA-TQ-A7RI	TCGA-TQ-A7RI-01A	Tumor	Primary	Solid Tissue	Unknown
8fda9811-e374-4785-a2d2-ef8a0a8bd9ac	TCGA-FG-A87Q-01A-11R-A36C-13_mirna_gdc_realn.bam	Sequencing Reads	Aligned Reads	TCGA-LGG	TCGA-FG-A87Q	TCGA-FG-A87Q-01A	Tumor	Primary	Solid Tissue	OCT
ad7675c1-4968-4846-9699-787f55f8107f	TCGA-P5-A5F0-01A-11R-A28I-13_mirna_gdc_realn.bam	Sequencing Reads	Aligned Reads	TCGA-LGG	TCGA-P5-A5F0	TCGA-P5-A5F0-01A	Tumor	Primary	Solid Tissue	OCT
cdd3c1b7-71c1-48c5-9b64-678e7f498271	TCGA-HT-8108-01A-11R-2401-13_mirna_gdc_realn.bam	Sequencing Reads	Aligned Reads	TCGA-LGG	TCGA-HT-8108	TCGA-HT-8108-01A	Tumor	Primary	Solid Tissue	Unknown
3d687045-0f4e-4dd8-bffa-0ce2d734071a	TCGA-DU-A76R-01A-11R-A32L-13_mirna_gdc_realn.bam	Sequencing Reads	Aligned Reads	TCGA-LGG	TCGA-DU-A76R	TCGA-DU-A76R-01A	Tumor	Primary	Solid Tissue	Unknown
9cf603f2-e3af-47ed-bc2c-0644ab79d6c6	TCGA-DH-A7US-01A-11R-A342-13_mirna_gdc_realn.bam	Sequencing Reads	Aligned Reads	TCGA-LGG	TCGA-DH-A7US	TCGA-DH-A7US-01A	Tumor	Primary	Solid Tissue	Unknown
358f3745-d9b4-4023-8faf-d589072dde8d	TCGA-P5-A5EZ-01A-11R-A27U-13_mirna_gdc_realn.bam	Sequencing Reads	Aligned Reads	TCGA-LGG	TCGA-P5-A5EZ	TCGA-P5-A5EZ-01A	Tumor	Primary	Solid Tissue	OCT
0583255e-90f4-47d6-a6c7-817c0ecb190c	TCGA-E1-5302-01A-01R-1469-13_mirna_gdc_realn.bam	Sequencing Reads	Aligned Reads	TCGA-LGG	TCGA-E1-5302	TCGA-E1-5302-01A	Tumor	Primary	Solid Tissue	Unknown
2b204ebb-a4da-4071-b5ee-ebb351209560	TCGA-DU-7301-01A-11R-2089-13_mirna_gdc_realn.bam	Sequencing Reads	Aligned Reads	TCGA-LGG	TCGA-DU-7301	TCGA-DU-7301-01A	Tumor	Primary	Solid Tissue	Unknown
32b22ac8-1139-4dff-9efc-73d090d04b52	TCGA-TM-A7C5-01A-11R-A32L-13_mirna_gdc_realn.bam	Sequencing Reads	Aligned Reads	TCGA-LGG	TCGA-TM-A7C5	TCGA-TM-A7C5-01A	Tumor	Primary	Solid Tissue	Unknown
32c29e8b-2a7e-4540-995a-9b462c991b6b	TCGA-DB-5279-01A-03R-1762-13_mirna_gdc_realn.bam	Sequencing Reads	Aligned Reads	TCGA-LGG	TCGA-DB-5279	TCGA-DB-5279-01A	Tumor	Primary	Solid Tissue	Unknown
309396a9-1e7a-4abf-9c8e-ad8b01b38a7b	TCGA-TM-A84C-01A-11R-A36C-13_mirna_gdc_realn.bam	Sequencing Reads	Aligned Reads	TCGA-LGG	TCGA-TM-A84C	TCGA-TM-A84C-01A	Tumor	Primary	Solid Tissue	Unknown
adfc64da-5c34-4ed1-bf13-b6b5ec1bc3ae	TCGA-HT-7884-01B-11R-2401-13_mirna_gdc_realn.bam	Sequencing Reads	Aligned Reads	TCGA-LGG	TCGA-HT-7884	TCGA-HT-7884-01B	Tumor	Primary	Solid Tissue	Unknown
883bd6bc-f673-431c-b699-2008014669e7	TCGA-FG-A87N-01A-11R-A36C-13_mirna_gdc_realn.bam	Sequencing Reads	Aligned Reads	TCGA-LGG	TCGA-FG-A87N	TCGA-FG-A87N-01A	Tumor	Primary	Solid Tissue	OCT
7bbd6938-d7c5-42b8-bad0-e09fa982e671	TCGA-TM-A84O-01A-11R-A36C-13_mirna_gdc_realn.bam	Sequencing Reads	Aligned Reads	TCGA-LGG	TCGA-TM-A84O	TCGA-TM-A84O-01A	Tumor	Primary	Solid Tissue	Unknown
aec5fe1b-9c94-4e27-a5a8-6b600bc7db20	TCGA-DB-A64Q-01A-11R-A29V-13_mirna_gdc_realn.bam	Sequencing Reads	Aligned Reads	TCGA-LGG	TCGA-DB-A64Q	TCGA-DB-A64Q-01A	Tumor	Primary	Solid Tissue	OCT
ce814b72-aef6-4d45-a775-5edcf3e999a9	TCGA-HW-A5KK-01A-11R-A27U-13_mirna_gdc_realn.bam	Sequencing Reads	Aligned Reads	TCGA-LGG	TCGA-HW-A5KK	TCGA-HW-A5KK-01A	Tumor	Primary	Solid Tissue	OCT
31faf0ab-ec81-4aec-9366-e71118bf6ecc	TCGA-E1-A7Z6-01A-11R-A34O-13_mirna_gdc_realn.bam	Sequencing Reads	Aligned Reads	TCGA-LGG	TCGA-E1-A7Z6	TCGA-E1-A7Z6-01A	Tumor	Primary	Solid Tissue	OCT
ead1ae24-0f7a-4fbf-9c0a-ec617b661aea	TCGA-CS-6666-01A-11R-1895-13_mirna_gdc_realn.bam	Sequencing Reads	Aligned Reads	TCGA-LGG	TCGA-CS-6666	TCGA-CS-6666-01A	Tumor	Primary	Solid Tissue	Unknown
f3d5db92-453e-46ce-b8fb-a775f371a327	TCGA-HT-7485-01A-11R-2026-13_mirna_gdc_realn.bam	Sequencing Reads	Aligned Reads	TCGA-LGG	TCGA-HT-7485	TCGA-HT-7485-01A	Tumor	Primary	Solid Tissue	Unknown
56ce16ed-3417-47f0-b9e9-64ca0f4f5cda	TCGA-DU-7007-01A-11R-2026-13_mirna_gdc_realn.bam	Sequencing Reads	Aligned Reads	TCGA-LGG	TCGA-DU-7007	TCGA-DU-7007-01A	Tumor	Primary	Solid Tissue	Unknown
e23349fc-2401-4df4-8b6e-f3e51126577c	TCGA-S9-A7R2-01A-21R-A34O-13_mirna_gdc_realn.bam	Sequencing Reads	Aligned Reads	TCGA-LGG	TCGA-S9-A7R2	TCGA-S9-A7R2-01A	Tumor	Primary	Solid Tissue	Unknown
b958e84b-4968-41cf-b2c4-81678f1cc057	TCGA-S9-A6U6-01A-12R-A342-13_mirna_gdc_realn.bam	Sequencing Reads	Aligned Reads	TCGA-LGG	TCGA-S9-A6U6	TCGA-S9-A6U6-01A	Tumor	Primary	Solid Tissue	Unknown
e91439c4-cbfc-4308-8938-60ba7bd77de4	TCGA-DB-A75P-01A-11R-A360-13_mirna_gdc_realn.bam	Sequencing Reads	Aligned Reads	TCGA-LGG	TCGA-DB-A75P	TCGA-DB-A75P-01A	Tumor	Primary	Solid Tissue	OCT
6b587c76-1fe7-4aae-a60e-d64e25635791	TCGA-DU-6405-01A-11R-1707-13_mirna_gdc_realn.bam	Sequencing Reads	Aligned Reads	TCGA-LGG	TCGA-DU-6405	TCGA-DU-6405-01A	Tumor	Primary	Solid Tissue	Unknown
4abeb364-68c9-44db-b85b-67db972f75c5	TCGA-DU-5847-01A-11R-1707-13_mirna_gdc_realn.bam	Sequencing Reads	Aligned Reads	TCGA-LGG	TCGA-DU-5847	TCGA-DU-5847-01A	Tumor	Primary	Solid Tissue	Unknown
3b782366-75c7-4ccb-8633-0c9c7b16e3b9	TCGA-HT-8012-01A-11R-2401-13_mirna_gdc_realn.bam	Sequencing Reads	Aligned Reads	TCGA-LGG	TCGA-HT-8012	TCGA-HT-8012-01A	Tumor	Primary	Solid Tissue	Unknown
cc05b97f-6c56-4976-93af-313b46af7f45	TCGA-S9-A7QY-01A-11R-A34G-13_mirna_gdc_realn.bam	Sequencing Reads	Aligned Reads	TCGA-LGG	TCGA-S9-A7QY	TCGA-S9-A7QY-01A	Tumor	Primary	Solid Tissue	Unknown
0060bf59-111f-4db9-8477-796a75ff23bf	TCGA-S9-A7IY-01A-11R-A34G-13_mirna_gdc_realn.bam	Sequencing Reads	Aligned Reads	TCGA-LGG	TCGA-S9-A7IY	TCGA-S9-A7IY-01A	Tumor	Primary	Solid Tissue	Unknown
d0e11a9d-4cc2-4cdc-851e-a9599a1b1cf3	TCGA-CS-4943-01A-01R-1469-13_mirna_gdc_realn.bam	Sequencing Reads	Aligned Reads	TCGA-LGG	TCGA-CS-4943	TCGA-CS-4943-01A	Tumor	Primary	Solid Tissue	Unknown
1db817ed-a83a-4547-8a0f-f1d4c10f4b7b	TCGA-E1-A7YL-01A-11R-A34G-13_mirna_gdc_realn.bam	Sequencing Reads	Aligned Reads	TCGA-LGG	TCGA-E1-A7YL	TCGA-E1-A7YL-01A	Tumor	Primary	Solid Tissue	OCT
3fc3b2d4-9021-400f-ba26-4ffefdc5286e	TCGA-HT-8111-01A-11R-2401-13_mirna_gdc_realn.bam	Sequencing Reads	Aligned Reads	TCGA-LGG	TCGA-HT-8111	TCGA-HT-8111-01A	Tumor	Primary	Solid Tissue	Unknown
41319bdb-1b18-47e6-9825-55b67e35c7ea	TCGA-E1-A7Z4-01A-11R-A34O-13_mirna_gdc_realn.bam	Sequencing Reads	Aligned Reads	TCGA-LGG	TCGA-E1-A7Z4	TCGA-E1-A7Z4-01A	Tumor	Primary	Solid Tissue	OCT
dadc563f-4771-4703-9e3b-c5ec85bc456b	TCGA-QH-A6X4-01A-51R-A360-13_mirna_gdc_realn.bam	Sequencing Reads	Aligned Reads	TCGA-LGG	TCGA-QH-A6X4	TCGA-QH-A6X4-01A	Tumor	Primary	Solid Tissue	Unknown
f8dd0602-d1be-46d1-be2a-efd486a3bdb5	TCGA-DH-A7UU-01A-12R-A34G-13_mirna_gdc_realn.bam	Sequencing Reads	Aligned Reads	TCGA-LGG	TCGA-DH-A7UU	TCGA-DH-A7UU-01A	Tumor	Primary	Solid Tissue	Unknown
9b2f166b-eb3f-411a-a07d-813670b07693	TCGA-CS-5394-01A-01R-1469-13_mirna_gdc_realn.bam	Sequencing Reads	Aligned Reads	TCGA-LGG	TCGA-CS-5394	TCGA-CS-5394-01A	Tumor	Primary	Solid Tissue	Unknown
74c9e7d7-2848-4ad9-a0d1-5fe76f26ab76	TCGA-E1-A7Z2-01A-21R-A34O-13_mirna_gdc_realn.bam	Sequencing Reads	Aligned Reads	TCGA-LGG	TCGA-E1-A7Z2	TCGA-E1-A7Z2-01A	Tumor	Primary	Solid Tissue	OCT
167781da-592e-47cf-83d0-28335b473a84	TCGA-DB-A64U-01A-11R-A29V-13_mirna_gdc_realn.bam	Sequencing Reads	Aligned Reads	TCGA-LGG	TCGA-DB-A64U	TCGA-DB-A64U-01A	Tumor	Primary	Solid Tissue	OCT
4852eb8a-e94d-4aed-aec1-7ecf1b6c34d4	TCGA-TM-A84L-01A-11R-A36C-13_mirna_gdc_realn.bam	Sequencing Reads	Aligned Reads	TCGA-LGG	TCGA-TM-A84L	TCGA-TM-A84L-01A	Tumor	Primary	Solid Tissue	Unknown
18fdd4c6-acb5-4b60-9c86-11f70ed549fa	TCGA-HT-8558-01A-21R-2401-13_mirna_gdc_realn.bam	Sequencing Reads	Aligned Reads	TCGA-LGG	TCGA-HT-8558	TCGA-HT-8558-01A	Tumor	Primary	Solid Tissue	Unknown
f94aeeac-0b37-42ee-91a0-dc590b2a17aa	TCGA-DU-A6S8-01A-12R-A32L-13_mirna_gdc_realn.bam	Sequencing Reads	Aligned Reads	TCGA-LGG	TCGA-DU-A6S8	TCGA-DU-A6S8-01A	Tumor	Primary	Solid Tissue	Unknown
d571394b-dd22-4b97-9b29-fcf16816e58b	TCGA-DB-5276-01A-01R-1469-13_mirna_gdc_realn.bam	Sequencing Reads	Aligned Reads	TCGA-LGG	TCGA-DB-5276	TCGA-DB-5276-01A	Tumor	Primary	Solid Tissue	Unknown
34ee389c-b333-48d3-9c56-7f3f52234531	TCGA-HT-8019-01A-21R-2401-13_mirna_gdc_realn.bam	Sequencing Reads	Aligned Reads	TCGA-LGG	TCGA-HT-8019	TCGA-HT-8019-01A	Tumor	Primary	Solid Tissue	Unknown
f5af0137-05fe-4ed2-991c-a2d99c8909ed	TCGA-HT-8113-01A-11R-2401-13_mirna_gdc_realn.bam	Sequencing Reads	Aligned Reads	TCGA-LGG	TCGA-HT-8113	TCGA-HT-8113-01A	Tumor	Primary	Solid Tissue	Unknown
d55acc53-c7a6-4ac5-9fa2-11e37a0e86de	TCGA-DU-5852-01A-11R-1707-13_mirna_gdc_realn.bam	Sequencing Reads	Aligned Reads	TCGA-LGG	TCGA-DU-5852	TCGA-DU-5852-01A	Tumor	Primary	Solid Tissue	Unknown
510459df-a899-459b-90ba-ee2330771d40	TCGA-HT-7676-01A-11R-2401-13_mirna_gdc_realn.bam	Sequencing Reads	Aligned Reads	TCGA-LGG	TCGA-HT-7676	TCGA-HT-7676-01A	Tumor	Primary	Solid Tissue	Unknown
5ea8ef41-dcef-4fb4-8ca1-c648d08c42a9	TCGA-DU-A7T6-01A-11R-A342-13_mirna_gdc_realn.bam	Sequencing Reads	Aligned Reads	TCGA-LGG	TCGA-DU-A7T6	TCGA-DU-A7T6-01A	Tumor	Primary	Solid Tissue	Unknown
213ed0e9-4683-472c-84b6-9b170b1cb61c	TCGA-E1-5305-01A-01R-1895-13_mirna_gdc_realn.bam	Sequencing Reads	Aligned Reads	TCGA-LGG	TCGA-E1-5305	TCGA-E1-5305-01A	Tumor	Primary	Solid Tissue	Unknown
66846c7f-3ee9-4bde-a14c-6355fdc30f9a	TCGA-S9-A6WG-01A-11R-A342-13_mirna_gdc_realn.bam	Sequencing Reads	Aligned Reads	TCGA-LGG	TCGA-S9-A6WG	TCGA-S9-A6WG-01A	Tumor	Primary	Solid Tissue	Unknown
1762118c-f2da-4503-9f3c-dcf6318bf753	TCGA-S9-A6WO-01A-21R-A34G-13_mirna_gdc_realn.bam	Sequencing Reads	Aligned Reads	TCGA-LGG	TCGA-S9-A6WO	TCGA-S9-A6WO-01A	Tumor	Primary	Solid Tissue	Unknown
7479f062-44d5-4ec4-9c9a-ade92622ec5c	TCGA-S9-A6U0-01A-12R-A360-13_mirna_gdc_realn.bam	Sequencing Reads	Aligned Reads	TCGA-LGG	TCGA-S9-A6U0	TCGA-S9-A6U0-01A	Tumor	Primary	Solid Tissue	Unknown
db3435f3-1110-48f6-bb60-5fc1cb73bbaf	TCGA-P5-A735-01A-11R-A360-13_mirna_gdc_realn.bam	Sequencing Reads	Aligned Reads	TCGA-LGG	TCGA-P5-A735	TCGA-P5-A735-01A	Tumor	Primary	Solid Tissue	OCT
0591319c-4882-4c78-966c-ab54a7f23b8c	TCGA-HT-A74K-01A-11R-A360-13_mirna_gdc_realn.bam	Sequencing Reads	Aligned Reads	TCGA-LGG	TCGA-HT-A74K	TCGA-HT-A74K-01A	Tumor	Primary	Solid Tissue	OCT
7eb55ccb-36df-4609-9932-a567e6ab28f2	TCGA-S9-A6WN-01A-12R-A342-13_mirna_gdc_realn.bam	Sequencing Reads	Aligned Reads	TCGA-LGG	TCGA-S9-A6WN	TCGA-S9-A6WN-01A	Tumor	Primary	Solid Tissue	Unknown
5daa3683-ba91-451e-ac13-ee948bb517c5	TCGA-HT-A618-01A-11R-A29V-13_mirna_gdc_realn.bam	Sequencing Reads	Aligned Reads	TCGA-LGG	TCGA-HT-A618	TCGA-HT-A618-01A	Tumor	Primary	Solid Tissue	Unknown
f2318545-d2e0-4eac-9f72-099049a51f79	TCGA-DU-A6S7-01A-21R-A360-13_mirna_gdc_realn.bam	Sequencing Reads	Aligned Reads	TCGA-LGG	TCGA-DU-A6S7	TCGA-DU-A6S7-01A	Tumor	Primary	Solid Tissue	Unknown
75dfd100-8ec4-44ac-8811-49102aa2eb4f	TCGA-IK-7675-01A-11R-2089-13_mirna_gdc_realn.bam	Sequencing Reads	Aligned Reads	TCGA-LGG	TCGA-IK-7675	TCGA-IK-7675-01A	Tumor	Primary	Solid Tissue	Unknown
772d32ea-6104-4c9c-8927-21382e8fba9c	TCGA-VM-A8C8-01A-11R-A36C-13_mirna_gdc_realn.bam	Sequencing Reads	Aligned Reads	TCGA-LGG	TCGA-VM-A8C8	TCGA-VM-A8C8-01A	Tumor	Primary	Solid Tissue	Unknown
d4af9a49-3f0d-4806-9d86-c48a611cbc17	TCGA-S9-A7R7-01A-11R-A34O-13_mirna_gdc_realn.bam	Sequencing Reads	Aligned Reads	TCGA-LGG	TCGA-S9-A7R7	TCGA-S9-A7R7-01A	Tumor	Primary	Solid Tissue	Unknown
df58d516-6f86-4fd5-a474-015a145a82e4	TCGA-E1-5307-01A-01R-1895-13_mirna_gdc_realn.bam	Sequencing Reads	Aligned Reads	TCGA-LGG	TCGA-E1-5307	TCGA-E1-5307-01A	Tumor	Primary	Solid Tissue	Unknown
fbc24483-e599-459c-b24e-20fdb8b95e02	TCGA-DU-7014-01A-11R-2026-13_mirna_gdc_realn.bam	Sequencing Reads	Aligned Reads	TCGA-LGG	TCGA-DU-7014	TCGA-DU-7014-01A	Tumor	Primary	Solid Tissue	Unknown
4fdd3864-3b38-4a2b-896d-619a96e75e48	TCGA-S9-A7IX-01A-12R-A34G-13_mirna_gdc_realn.bam	Sequencing Reads	Aligned Reads	TCGA-LGG	TCGA-S9-A7IX	TCGA-S9-A7IX-01A	Tumor	Primary	Solid Tissue	Unknown
02e1e78a-e565-4278-a9a2-8c4f1b44914f	TCGA-FG-A60K-01A-11R-A29V-13_mirna_gdc_realn.bam	Sequencing Reads	Aligned Reads	TCGA-LGG	TCGA-FG-A60K	TCGA-FG-A60K-01A	Tumor	Primary	Solid Tissue	Unknown
3f29ee33-38d9-4d9c-bc08-b3c73d1beb3d	TCGA-HW-7491-01A-11R-2026-13_mirna_gdc_realn.bam	Sequencing Reads	Aligned Reads	TCGA-LGG	TCGA-HW-7491	TCGA-HW-7491-01A	Tumor	Primary	Solid Tissue	Unknown
159b558f-6687-4638-93ec-7fd01bc989a5	TCGA-QH-A86X-01A-11R-A36C-13_mirna_gdc_realn.bam	Sequencing Reads	Aligned Reads	TCGA-LGG	TCGA-QH-A86X	TCGA-QH-A86X-01A	Tumor	Primary	Solid Tissue	Unknown
1dda2bb6-27ba-4ccf-9c38-c4663982eb1f	TCGA-HT-7479-01A-11R-2026-13_mirna_gdc_realn.bam	Sequencing Reads	Aligned Reads	TCGA-LGG	TCGA-HT-7479	TCGA-HT-7479-01A	Tumor	Primary	Solid Tissue	Unknown
66a3bc18-4b2d-40ac-9cb5-ab8ab1a6aad4	TCGA-HT-7616-01A-11R-2255-13_mirna_gdc_realn.bam	Sequencing Reads	Aligned Reads	TCGA-LGG	TCGA-HT-7616	TCGA-HT-7616-01A	Tumor	Primary	Solid Tissue	Unknown
38837d57-2fbe-42df-8cfd-bfa6591082b3	TCGA-P5-A736-01A-11R-A32L-13_mirna_gdc_realn.bam	Sequencing Reads	Aligned Reads	TCGA-LGG	TCGA-P5-A736	TCGA-P5-A736-01A	Tumor	Primary	Solid Tissue	OCT
7bb968b0-8cd2-432b-966c-d840db2b4490	TCGA-HT-8110-01A-11R-2401-13_mirna_gdc_realn.bam	Sequencing Reads	Aligned Reads	TCGA-LGG	TCGA-HT-8110	TCGA-HT-8110-01A	Tumor	Primary	Solid Tissue	Unknown
634d1d7f-7d9f-49a3-b697-4792ac0817f2	TCGA-QH-A65V-01A-11R-A29V-13_mirna_gdc_realn.bam	Sequencing Reads	Aligned Reads	TCGA-LGG	TCGA-QH-A65V	TCGA-QH-A65V-01A	Tumor	Primary	Solid Tissue	Unknown
184029fb-3506-479e-bf38-9060480a1fb3	TCGA-FG-A4MX-01A-11R-A26Y-13_mirna_gdc_realn.bam	Sequencing Reads	Aligned Reads	TCGA-LGG	TCGA-FG-A4MX	TCGA-FG-A4MX-01A	Tumor	Primary	Solid Tissue	Unknown
8c22a29d-854b-434d-8899-364bc99c7b48	TCGA-CS-6667-01A-12R-2026-13_mirna_gdc_realn.bam	Sequencing Reads	Aligned Reads	TCGA-LGG	TCGA-CS-6667	TCGA-CS-6667-01A	Tumor	Primary	Solid Tissue	Unknown
762c70fc-0ca7-44dd-bb1a-0846349f9506	TCGA-FG-A6J3-01A-11R-A31R-13_mirna_gdc_realn.bam	Sequencing Reads	Aligned Reads	TCGA-LGG	TCGA-FG-A6J3	TCGA-FG-A6J3-01A	Tumor	Primary	Solid Tissue	OCT
0887d4e8-6543-4404-bb71-cc0109f3dc4b	TCGA-HT-7684-01A-11R-2255-13_mirna_gdc_realn.bam	Sequencing Reads	Aligned Reads	TCGA-LGG	TCGA-HT-7684	TCGA-HT-7684-01A	Tumor	Primary	Solid Tissue	Unknown
4de1b3bb-fa30-4721-b724-181385abb22a	TCGA-S9-A6U8-01A-21R-A342-13_mirna_gdc_realn.bam	Sequencing Reads	Aligned Reads	TCGA-LGG	TCGA-S9-A6U8	TCGA-S9-A6U8-01A	Tumor	Primary	Solid Tissue	Unknown
102be2ff-4df8-4cb1-9947-fce51a04b527	TCGA-S9-A6TZ-01A-21R-A32L-13_mirna_gdc_realn.bam	Sequencing Reads	Aligned Reads	TCGA-LGG	TCGA-S9-A6TZ	TCGA-S9-A6TZ-01A	Tumor	Primary	Solid Tissue	Unknown
c1b3007a-a7f5-437c-90b8-d955e35ca89d	TCGA-DH-A7UT-01A-12R-A34G-13_mirna_gdc_realn.bam	Sequencing Reads	Aligned Reads	TCGA-LGG	TCGA-DH-A7UT	TCGA-DH-A7UT-01A	Tumor	Primary	Solid Tissue	Unknown
cf4039e2-eb39-472f-bbed-0e479f27db1a	TCGA-FG-7636-01A-11R-2089-13_mirna_gdc_realn.bam	Sequencing Reads	Aligned Reads	TCGA-LGG	TCGA-FG-7636	TCGA-FG-7636-01A	Tumor	Primary	Solid Tissue	Unknown
1ed969e2-1583-4383-83f1-1fc6356e9f63	TCGA-TM-A84J-01A-11R-A36C-13_mirna_gdc_realn.bam	Sequencing Reads	Aligned Reads	TCGA-LGG	TCGA-TM-A84J	TCGA-TM-A84J-01A	Tumor	Primary	Solid Tissue	Unknown
ff2a2966-abda-4b72-a09e-2b00c7d3d614	TCGA-DH-A7UR-01A-11R-A342-13_mirna_gdc_realn.bam	Sequencing Reads	Aligned Reads	TCGA-LGG	TCGA-DH-A7UR	TCGA-DH-A7UR-01A	Tumor	Primary	Solid Tissue	Unknown
e615360e-af3a-41dd-99da-3809d2adef5e	TCGA-HT-7858-01A-11R-2401-13_mirna_gdc_realn.bam	Sequencing Reads	Aligned Reads	TCGA-LGG	TCGA-HT-7858	TCGA-HT-7858-01A	Tumor	Primary	Solid Tissue	Unknown
17f8654d-1cf8-45c9-982c-59fb386635b7	TCGA-CS-5396-01A-02R-1469-13_mirna_gdc_realn.bam	Sequencing Reads	Aligned Reads	TCGA-LGG	TCGA-CS-5396	TCGA-CS-5396-01A	Tumor	Primary	Solid Tissue	Unknown
7a264819-93dd-4b89-a651-ba73df4fa8dd	TCGA-FG-7643-01A-11R-2089-13_mirna_gdc_realn.bam	Sequencing Reads	Aligned Reads	TCGA-LGG	TCGA-FG-7643	TCGA-FG-7643-01A	Tumor	Primary	Solid Tissue	Unknown
94bddfe9-8ed2-47a1-af00-4dcc25525c32	TCGA-DU-8158-01A-11R-2255-13_mirna_gdc_realn.bam	Sequencing Reads	Aligned Reads	TCGA-LGG	TCGA-DU-8158	TCGA-DU-8158-01A	Tumor	Primary	Solid Tissue	Unknown
0112a428-3feb-44b8-8dea-a978ba0355ab	TCGA-DU-5854-01A-11R-1707-13_mirna_gdc_realn.bam	Sequencing Reads	Aligned Reads	TCGA-LGG	TCGA-DU-5854	TCGA-DU-5854-01A	Tumor	Primary	Solid Tissue	Unknown
d3442426-fbae-4338-ab70-d52e740d6221	TCGA-DU-8161-01A-11R-2255-13_mirna_gdc_realn.bam	Sequencing Reads	Aligned Reads	TCGA-LGG	TCGA-DU-8161	TCGA-DU-8161-01A	Tumor	Primary	Solid Tissue	Unknown
67fa3761-744a-45eb-874f-8e876c648088	TCGA-HT-7469-01A-11R-2255-13_mirna_gdc_realn.bam	Sequencing Reads	Aligned Reads	TCGA-LGG	TCGA-HT-7469	TCGA-HT-7469-01A	Tumor	Primary	Solid Tissue	Unknown
834f38b9-2492-4d65-8092-5a373c5ec285	TCGA-DB-A75L-01A-11R-A32L-13_mirna_gdc_realn.bam	Sequencing Reads	Aligned Reads	TCGA-LGG	TCGA-DB-A75L	TCGA-DB-A75L-01A	Tumor	Primary	Solid Tissue	OCT
3405e88c-af8a-49c5-a711-d761283108a6	TCGA-DU-A6S2-01A-21R-A360-13_mirna_gdc_realn.bam	Sequencing Reads	Aligned Reads	TCGA-LGG	TCGA-DU-A6S2	TCGA-DU-A6S2-01A	Tumor	Primary	Solid Tissue	Unknown
9740df6b-5255-4793-a81c-50235f78e691	TCGA-E1-A7YK-01A-11R-A34G-13_mirna_gdc_realn.bam	Sequencing Reads	Aligned Reads	TCGA-LGG	TCGA-E1-A7YK	TCGA-E1-A7YK-01A	Tumor	Primary	Solid Tissue	OCT
13ccc9bd-8118-4742-bfa2-5c6f889dbc12	TCGA-DB-5275-01A-01R-1469-13_mirna_gdc_realn.bam	Sequencing Reads	Aligned Reads	TCGA-LGG	TCGA-DB-5275	TCGA-DB-5275-01A	Tumor	Primary	Solid Tissue	Unknown
bc86c95a-335a-4c1f-a150-84550f3f724b	TCGA-R8-A6YH-01A-21R-A360-13_mirna_gdc_realn.bam	Sequencing Reads	Aligned Reads	TCGA-LGG	TCGA-R8-A6YH	TCGA-R8-A6YH-01A	Tumor	Primary	Solid Tissue	OCT
e5532d7f-4b75-4415-9f0e-bc907a3ddd16	TCGA-WY-A858-01A-11R-A36C-13_mirna_gdc_realn.bam	Sequencing Reads	Aligned Reads	TCGA-LGG	TCGA-WY-A858	TCGA-WY-A858-01A	Tumor	Primary	Solid Tissue	OCT
19c2cb5b-0b31-420e-bf8a-ff1a7e7ad4aa	TCGA-DU-8163-01A-11R-2255-13_mirna_gdc_realn.bam	Sequencing Reads	Aligned Reads	TCGA-LGG	TCGA-DU-8163	TCGA-DU-8163-01A	Tumor	Primary	Solid Tissue	Unknown
1d9579ea-db47-43fe-8e3f-af5cbf8d79e2	TCGA-P5-A5F2-01A-11R-A28I-13_mirna_gdc_realn.bam	Sequencing Reads	Aligned Reads	TCGA-LGG	TCGA-P5-A5F2	TCGA-P5-A5F2-01A	Tumor	Primary	Solid Tissue	OCT
46fc2cd6-5e54-4f72-8a8a-7ba5f58a4e5a	TCGA-HT-7470-01A-12R-2089-13_mirna_gdc_realn.bam	Sequencing Reads	Aligned Reads	TCGA-LGG	TCGA-HT-7470	TCGA-HT-7470-01A	Tumor	Primary	Solid Tissue	Unknown
4875a7fe-3f44-4ca1-a7ef-ea690be868d7	TCGA-RY-A847-01A-11R-A36C-13_mirna_gdc_realn.bam	Sequencing Reads	Aligned Reads	TCGA-LGG	TCGA-RY-A847	TCGA-RY-A847-01A	Tumor	Primary	Solid Tissue	Unknown
0767781a-81b2-4ee6-a3aa-80d1792d65a9	TCGA-FG-5962-01B-11R-1895-13_mirna_gdc_realn.bam	Sequencing Reads	Aligned Reads	TCGA-LGG	TCGA-FG-5962	TCGA-FG-5962-01B	Tumor	Primary	Solid Tissue	Unknown
1b923d8e-b387-42e8-8f54-54fd4de4d1e0	TCGA-TM-A7C4-01A-11R-A32L-13_mirna_gdc_realn.bam	Sequencing Reads	Aligned Reads	TCGA-LGG	TCGA-TM-A7C4	TCGA-TM-A7C4-01A	Tumor	Primary	Solid Tissue	Unknown
f7d2d12b-d52b-4e24-8749-2ed48fe564b6	TCGA-CS-6668-01A-11R-1895-13_mirna_gdc_realn.bam	Sequencing Reads	Aligned Reads	TCGA-LGG	TCGA-CS-6668	TCGA-CS-6668-01A	Tumor	Primary	Solid Tissue	Unknown
13e4e7c9-bb3f-42f9-bda5-6ac61d315df6	TCGA-P5-A780-01A-12R-A32L-13_mirna_gdc_realn.bam	Sequencing Reads	Aligned Reads	TCGA-LGG	TCGA-P5-A780	TCGA-P5-A780-01A	Tumor	Primary	Solid Tissue	OCT
e78e2282-7fff-4b21-a62b-f21a40a5b319	TCGA-TM-A84Q-01A-11R-A36C-13_mirna_gdc_realn.bam	Sequencing Reads	Aligned Reads	TCGA-LGG	TCGA-TM-A84Q	TCGA-TM-A84Q-01A	Tumor	Primary	Solid Tissue	Unknown
6fa4d201-4ebd-488d-ba27-e3963c56a943	TCGA-FG-A70Z-01A-12R-A342-13_mirna_gdc_realn.bam	Sequencing Reads	Aligned Reads	TCGA-LGG	TCGA-FG-A70Z	TCGA-FG-A70Z-01A	Tumor	Primary	Solid Tissue	Unknown
21642df6-5c2d-42e4-be89-306fc0900e0c	TCGA-HT-7873-01B-11R-2401-13_mirna_gdc_realn.bam	Sequencing Reads	Aligned Reads	TCGA-LGG	TCGA-HT-7873	TCGA-HT-7873-01B	Tumor	Primary	Solid Tissue	Unknown
6a249181-5ad6-4448-9766-ee225082aad5	TCGA-E1-A7YO-01A-11R-A34G-13_mirna_gdc_realn.bam	Sequencing Reads	Aligned Reads	TCGA-LGG	TCGA-E1-A7YO	TCGA-E1-A7YO-01A	Tumor	Primary	Solid Tissue	OCT
c2b4ea0b-adb3-4a54-9f23-162cba9bedd0	TCGA-HT-7881-01A-11R-2401-13_mirna_gdc_realn.bam	Sequencing Reads	Aligned Reads	TCGA-LGG	TCGA-HT-7881	TCGA-HT-7881-01A	Tumor	Primary	Solid Tissue	Unknown
96e3bcbf-8dc0-485f-b8b6-5f38485112a1	TCGA-DB-A64O-01A-11R-A29V-13_mirna_gdc_realn.bam	Sequencing Reads	Aligned Reads	TCGA-LGG	TCGA-DB-A64O	TCGA-DB-A64O-01A	Tumor	Primary	Solid Tissue	OCT
e8833579-b5ab-4197-b6b4-c895059cdbfb	TCGA-FG-5963-01A-11R-1707-13_mirna_gdc_realn.bam	Sequencing Reads	Aligned Reads	TCGA-LGG	TCGA-FG-5963	TCGA-FG-5963-01A	Tumor	Primary	Solid Tissue	Unknown
4feeb131-b335-4167-b5f5-6777939aaeb9	TCGA-QH-A6XC-01A-12R-A360-13_mirna_gdc_realn.bam	Sequencing Reads	Aligned Reads	TCGA-LGG	TCGA-QH-A6XC	TCGA-QH-A6XC-01A	Tumor	Primary	Solid Tissue	Unknown
d3785364-760e-4a69-8398-13d1b9265cec	TCGA-TM-A84G-01A-11R-A36C-13_mirna_gdc_realn.bam	Sequencing Reads	Aligned Reads	TCGA-LGG	TCGA-TM-A84G	TCGA-TM-A84G-01A	Tumor	Primary	Solid Tissue	Unknown
c5225ded-4809-4d69-9528-a1820d3fc4d3	TCGA-DU-7304-01A-12R-2089-13_mirna_gdc_realn.bam	Sequencing Reads	Aligned Reads	TCGA-LGG	TCGA-DU-7304	TCGA-DU-7304-01A	Tumor	Primary	Solid Tissue	Unknown
82164dcf-bee7-4b9a-ba76-d8128ae98890	TCGA-DU-7300-01A-21R-2089-13_mirna_gdc_realn.bam	Sequencing Reads	Aligned Reads	TCGA-LGG	TCGA-DU-7300	TCGA-DU-7300-01A	Tumor	Primary	Solid Tissue	Unknown
61c99ae4-333d-4234-940f-bf97d6445472	TCGA-R8-A6ML-01A-11R-A32L-13_mirna_gdc_realn.bam	Sequencing Reads	Aligned Reads	TCGA-LGG	TCGA-R8-A6ML	TCGA-R8-A6ML-01A	Tumor	Primary	Solid Tissue	OCT
3dd1e77e-b4d7-4a8c-8f17-a59e5a55fd6a	TCGA-FG-8187-01A-11R-2255-13_mirna_gdc_realn.bam	Sequencing Reads	Aligned Reads	TCGA-LGG	TCGA-FG-8187	TCGA-FG-8187-01A	Tumor	Primary	Solid Tissue	Unknown
c35c0dc9-f556-4afe-9613-ff74630c64c4	TCGA-HT-A619-01A-11R-A29V-13_mirna_gdc_realn.bam	Sequencing Reads	Aligned Reads	TCGA-LGG	TCGA-HT-A619	TCGA-HT-A619-01A	Tumor	Primary	Solid Tissue	Unknown
7bf1ebbe-10bb-43c7-b0a1-b3118acc1d9b	TCGA-HT-7604-01A-11R-2089-13_mirna_gdc_realn.bam	Sequencing Reads	Aligned Reads	TCGA-LGG	TCGA-HT-7604	TCGA-HT-7604-01A	Tumor	Primary	Solid Tissue	Unknown
fcea1a24-19c1-43ec-ac21-abd08d68af03	TCGA-HW-7490-01A-11R-2026-13_mirna_gdc_realn.bam	Sequencing Reads	Aligned Reads	TCGA-LGG	TCGA-HW-7490	TCGA-HW-7490-01A	Tumor	Primary	Solid Tissue	Unknown
d0cad138-b434-40b3-be37-e658847e1153	TCGA-HT-7882-01A-11R-2401-13_mirna_gdc_realn.bam	Sequencing Reads	Aligned Reads	TCGA-LGG	TCGA-HT-7882	TCGA-HT-7882-01A	Tumor	Primary	Solid Tissue	Unknown
03ddde74-7b23-4401-aad1-bada1d4bf870	TCGA-WY-A859-01A-12R-A36C-13_mirna_gdc_realn.bam	Sequencing Reads	Aligned Reads	TCGA-LGG	TCGA-WY-A859	TCGA-WY-A859-01A	Tumor	Primary	Solid Tissue	OCT
2df31190-5749-4799-9c12-b18b90808f60	TCGA-E1-A7YS-01A-11R-A34G-13_mirna_gdc_realn.bam	Sequencing Reads	Aligned Reads	TCGA-LGG	TCGA-E1-A7YS	TCGA-E1-A7YS-01A	Tumor	Primary	Solid Tissue	OCT
8bf452f7-1303-4a15-86e9-b9387a3799bc	TCGA-QH-A6X9-01A-12R-A32L-13_mirna_gdc_realn.bam	Sequencing Reads	Aligned Reads	TCGA-LGG	TCGA-QH-A6X9	TCGA-QH-A6X9-01A	Tumor	Primary	Solid Tissue	Unknown
cd5c68aa-0c25-447e-9054-71c478952854	TCGA-HT-7474-01A-11R-2026-13_mirna_gdc_realn.bam	Sequencing Reads	Aligned Reads	TCGA-LGG	TCGA-HT-7474	TCGA-HT-7474-01A	Tumor	Primary	Solid Tissue	Unknown
8366e4a0-d0d2-42d7-906e-cadf82cddafb	TCGA-DH-A66G-01A-21R-A31R-13_mirna_gdc_realn.bam	Sequencing Reads	Aligned Reads	TCGA-LGG	TCGA-DH-A66G	TCGA-DH-A66G-01A	Tumor	Primary	Solid Tissue	Unknown
339f2513-a379-46c6-bcbd-f0d9b4e1a5d3	TCGA-TM-A84I-01A-11R-A36C-13_mirna_gdc_realn.bam	Sequencing Reads	Aligned Reads	TCGA-LGG	TCGA-TM-A84I	TCGA-TM-A84I-01A	Tumor	Primary	Solid Tissue	Unknown
b992491c-e0b9-445f-aab2-82bc00b5da21	TCGA-HT-7855-01A-11R-2401-13_mirna_gdc_realn.bam	Sequencing Reads	Aligned Reads	TCGA-LGG	TCGA-HT-7855	TCGA-HT-7855-01A	Tumor	Primary	Solid Tissue	Unknown
6c5694ab-e999-4f41-9fba-11097839a4ca	TCGA-CS-6186-01A-12R-2026-13_mirna_gdc_realn.bam	Sequencing Reads	Aligned Reads	TCGA-LGG	TCGA-CS-6186	TCGA-CS-6186-01A	Tumor	Primary	Solid Tissue	Unknown
b4acf9f6-6043-4ea3-a7cd-23bcebc3025d	TCGA-W9-A837-01A-11R-A36C-13_mirna_gdc_realn.bam	Sequencing Reads	Aligned Reads	TCGA-LGG	TCGA-W9-A837	TCGA-W9-A837-01A	Tumor	Primary	Solid Tissue	Unknown
4ef0c522-45f9-4eae-a819-053058405952	TCGA-DH-5141-01A-01R-1469-13_mirna_gdc_realn.bam	Sequencing Reads	Aligned Reads	TCGA-LGG	TCGA-DH-5141	TCGA-DH-5141-01A	Tumor	Primary	Solid Tissue	Unknown
d728f085-a047-4f5e-8316-3e2e109baa56	TCGA-FG-8182-01A-11R-2255-13_mirna_gdc_realn.bam	Sequencing Reads	Aligned Reads	TCGA-LGG	TCGA-FG-8182	TCGA-FG-8182-01A	Tumor	Primary	Solid Tissue	Unknown
43812a1f-94d4-41fd-a6a2-0584de0a70d1	TCGA-E1-A7YI-01A-11R-A34G-13_mirna_gdc_realn.bam	Sequencing Reads	Aligned Reads	TCGA-LGG	TCGA-E1-A7YI	TCGA-E1-A7YI-01A	Tumor	Primary	Solid Tissue	OCT
3c6881d9-baba-45cf-be88-ede6e58c7cce	TCGA-HW-7486-01A-11R-2026-13_mirna_gdc_realn.bam	Sequencing Reads	Aligned Reads	TCGA-LGG	TCGA-HW-7486	TCGA-HW-7486-01A	Tumor	Primary	Solid Tissue	Unknown
1ae7d84d-e304-4226-9634-175e68df1862	TCGA-S9-A6U5-01A-12R-A342-13_mirna_gdc_realn.bam	Sequencing Reads	Aligned Reads	TCGA-LGG	TCGA-S9-A6U5	TCGA-S9-A6U5-01A	Tumor	Primary	Solid Tissue	Unknown
a09ba7ba-7595-4e6f-a055-aefe22cf6340	TCGA-HT-7680-01A-11R-2255-13_mirna_gdc_realn.bam	Sequencing Reads	Aligned Reads	TCGA-LGG	TCGA-HT-7680	TCGA-HT-7680-01A	Tumor	Primary	Solid Tissue	Unknown
0ed09d74-db91-436e-97a1-ebb00d5014c7	TCGA-DU-A7TG-01A-21R-A34O-13_mirna_gdc_realn.bam	Sequencing Reads	Aligned Reads	TCGA-LGG	TCGA-DU-A7TG	TCGA-DU-A7TG-01A	Tumor	Primary	Solid Tissue	Unknown
5235d3cc-3cc9-47e8-bd68-b84402e9d078	TCGA-DU-6395-01A-13R-1707-13_mirna_gdc_realn.bam	Sequencing Reads	Aligned Reads	TCGA-LGG	TCGA-DU-6395	TCGA-DU-6395-01A	Tumor	Primary	Solid Tissue	Unknown
ae8e5139-e86e-458b-aaf8-c547afc9fdd8	TCGA-FG-5964-01A-11R-1707-13_mirna_gdc_realn.bam	Sequencing Reads	Aligned Reads	TCGA-LGG	TCGA-FG-5964	TCGA-FG-5964-01A	Tumor	Primary	Solid Tissue	Unknown
2b5f38c4-3569-4bb7-b100-9d74b65924e0	TCGA-CS-4944-01A-01R-1469-13_mirna_gdc_realn.bam	Sequencing Reads	Aligned Reads	TCGA-LGG	TCGA-CS-4944	TCGA-CS-4944-01A	Tumor	Primary	Solid Tissue	Unknown
3c95ec0a-b53b-4aa6-a799-ba6865095e9b	TCGA-DB-A64S-01A-11R-A29V-13_mirna_gdc_realn.bam	Sequencing Reads	Aligned Reads	TCGA-LGG	TCGA-DB-A64S	TCGA-DB-A64S-01A	Tumor	Primary	Solid Tissue	OCT
08fa51fb-3a42-4e77-8cd7-9bf462817ac4	TCGA-S9-A6TU-01A-12R-A360-13_mirna_gdc_realn.bam	Sequencing Reads	Aligned Reads	TCGA-LGG	TCGA-S9-A6TU	TCGA-S9-A6TU-01A	Tumor	Primary	Solid Tissue	Unknown
7697c507-9a01-40e9-915d-f43513dcedfc	TCGA-E1-5304-01A-01R-1469-13_mirna_gdc_realn.bam	Sequencing Reads	Aligned Reads	TCGA-LGG	TCGA-E1-5304	TCGA-E1-5304-01A	Tumor	Primary	Solid Tissue	Unknown
b8c096fb-e595-4f8a-ae2e-59374944c90b	TCGA-HW-7489-01A-11R-2026-13_mirna_gdc_realn.bam	Sequencing Reads	Aligned Reads	TCGA-LGG	TCGA-HW-7489	TCGA-HW-7489-01A	Tumor	Primary	Solid Tissue	Unknown
999183da-e2ec-43b5-89a1-eddcebe4bcd2	TCGA-DU-A5TT-01A-11R-A28I-13_mirna_gdc_realn.bam	Sequencing Reads	Aligned Reads	TCGA-LGG	TCGA-DU-A5TT	TCGA-DU-A5TT-01A	Tumor	Primary	Solid Tissue	Unknown
83a464fc-e2ea-4507-9ac5-a32e27435003	TCGA-HT-7692-01A-12R-2255-13_mirna_gdc_realn.bam	Sequencing Reads	Aligned Reads	TCGA-LGG	TCGA-HT-7692	TCGA-HT-7692-01A	Tumor	Primary	Solid Tissue	Unknown
c4607fbc-9aa8-4687-9033-6e1d12dd4168	TCGA-HT-7691-01A-11R-2255-13_mirna_gdc_realn.bam	Sequencing Reads	Aligned Reads	TCGA-LGG	TCGA-HT-7691	TCGA-HT-7691-01A	Tumor	Primary	Solid Tissue	Unknown
5ea7b58d-ea3b-450f-921f-d3e246bafa58	TCGA-S9-A7J0-01A-11R-A34G-13_mirna_gdc_realn.bam	Sequencing Reads	Aligned Reads	TCGA-LGG	TCGA-S9-A7J0	TCGA-S9-A7J0-01A	Tumor	Primary	Solid Tissue	Unknown
a1b3644e-4cf8-4dd9-9a2c-17fce45cd461	TCGA-HT-7605-01A-11R-2089-13_mirna_gdc_realn.bam	Sequencing Reads	Aligned Reads	TCGA-LGG	TCGA-HT-7605	TCGA-HT-7605-01A	Tumor	Primary	Solid Tissue	Unknown
a3b327da-ef91-4d14-9dc8-3dcf02f8e4ec	TCGA-HT-A4DS-01A-11R-A26Y-13_mirna_gdc_realn.bam	Sequencing Reads	Aligned Reads	TCGA-LGG	TCGA-HT-A4DS	TCGA-HT-A4DS-01A	Tumor	Primary	Solid Tissue	OCT
0984ca15-3435-4112-947c-501dfe7c3ffa	TCGA-P5-A5EW-01A-11R-A27U-13_mirna_gdc_realn.bam	Sequencing Reads	Aligned Reads	TCGA-LGG	TCGA-P5-A5EW	TCGA-P5-A5EW-01A	Tumor	Primary	Solid Tissue	OCT
b5627a6e-71f5-415d-a7f5-5c1c582bc1c0	TCGA-QH-A6CS-01A-11R-A31R-13_mirna_gdc_realn.bam	Sequencing Reads	Aligned Reads	TCGA-LGG	TCGA-QH-A6CS	TCGA-QH-A6CS-01A	Tumor	Primary	Solid Tissue	Unknown
267e1d72-140c-4f67-a165-481d6e83f046	TCGA-TQ-A7RH-01A-12R-A34G-13_mirna_gdc_realn.bam	Sequencing Reads	Aligned Reads	TCGA-LGG	TCGA-TQ-A7RH	TCGA-TQ-A7RH-01A	Tumor	Primary	Solid Tissue	Unknown
5c5b20e5-46e8-4ac7-8599-bbee636395aa	TCGA-DU-8162-01A-21R-2255-13_mirna_gdc_realn.bam	Sequencing Reads	Aligned Reads	TCGA-LGG	TCGA-DU-8162	TCGA-DU-8162-01A	Tumor	Primary	Solid Tissue	Unknown
bf938a5f-c533-4dab-b5bb-e3ebf9662406	TCGA-DU-6407-01A-13R-1707-13_mirna_gdc_realn.bam	Sequencing Reads	Aligned Reads	TCGA-LGG	TCGA-DU-6407	TCGA-DU-6407-01A	Tumor	Primary	Solid Tissue	Unknown
37cdcb11-08a0-45c5-b5f3-582cecbc6efb	TCGA-FG-A60L-01A-12R-A31R-13_mirna_gdc_realn.bam	Sequencing Reads	Aligned Reads	TCGA-LGG	TCGA-FG-A60L	TCGA-FG-A60L-01A	Tumor	Primary	Solid Tissue	Unknown
4f0eeb52-576f-4386-89a4-0d77a62dff44	TCGA-RY-A840-01A-11R-A36C-13_mirna_gdc_realn.bam	Sequencing Reads	Aligned Reads	TCGA-LGG	TCGA-RY-A840	TCGA-RY-A840-01A	Tumor	Primary	Solid Tissue	Unknown
7a501b9b-5a62-4fb7-8a37-6635f0eb5f8a	TCGA-HW-8319-01A-11R-2401-13_mirna_gdc_realn.bam	Sequencing Reads	Aligned Reads	TCGA-LGG	TCGA-HW-8319	TCGA-HW-8319-01A	Tumor	Primary	Solid Tissue	Unknown
df34a30d-9550-48b5-9de0-aa582fd0613e	TCGA-CS-5397-01A-01R-1895-13_mirna_gdc_realn.bam	Sequencing Reads	Aligned Reads	TCGA-LGG	TCGA-CS-5397	TCGA-CS-5397-01A	Tumor	Primary	Solid Tissue	Unknown
496ea291-74a0-4298-9908-180dd96c3430	TCGA-TQ-A7RN-01A-11R-A342-13_mirna_gdc_realn.bam	Sequencing Reads	Aligned Reads	TCGA-LGG	TCGA-TQ-A7RN	TCGA-TQ-A7RN-01A	Tumor	Primary	Solid Tissue	Unknown
9d5c3c9f-5dc3-49d9-85c0-a8ad7cdd8809	TCGA-DU-6404-01A-11R-1707-13_mirna_gdc_realn.bam	Sequencing Reads	Aligned Reads	TCGA-LGG	TCGA-DU-6404	TCGA-DU-6404-01A	Tumor	Primary	Solid Tissue	Unknown
ca41b92f-1a4c-4371-aaf4-71a3a2cdcb8f	TCGA-HT-7856-01A-11R-2401-13_mirna_gdc_realn.bam	Sequencing Reads	Aligned Reads	TCGA-LGG	TCGA-HT-7856	TCGA-HT-7856-01A	Tumor	Primary	Solid Tissue	Unknown
a29ddb7c-58f0-4c37-b157-70028ae9cb91	TCGA-QH-A65Z-01A-11R-A29V-13_mirna_gdc_realn.bam	Sequencing Reads	Aligned Reads	TCGA-LGG	TCGA-QH-A65Z	TCGA-QH-A65Z-01A	Tumor	Primary	Solid Tissue	Unknown
a7da63cf-31d1-4151-9445-963e69569b63	TCGA-DU-7306-01A-11R-2089-13_mirna_gdc_realn.bam	Sequencing Reads	Aligned Reads	TCGA-LGG	TCGA-DU-7306	TCGA-DU-7306-01A	Tumor	Primary	Solid Tissue	Unknown
5fe9004d-9b11-4a05-be61-06b6a17f1da0	TCGA-FG-7637-01A-11R-2089-13_mirna_gdc_realn.bam	Sequencing Reads	Aligned Reads	TCGA-LGG	TCGA-FG-7637	TCGA-FG-7637-01A	Tumor	Primary	Solid Tissue	Unknown
1f67bf19-e7da-45c2-8dba-7de1b3f64c2b	TCGA-S9-A6TW-01A-12R-A32L-13_mirna_gdc_realn.bam	Sequencing Reads	Aligned Reads	TCGA-LGG	TCGA-S9-A6TW	TCGA-S9-A6TW-01A	Tumor	Primary	Solid Tissue	Unknown
3be64e6b-0c9d-4254-9122-f36689ecab57	TCGA-S9-A89V-01A-11R-A36C-13_mirna_gdc_realn.bam	Sequencing Reads	Aligned Reads	TCGA-LGG	TCGA-S9-A89V	TCGA-S9-A89V-01A	Tumor	Primary	Solid Tissue	Unknown
b1d21fa0-ea9a-4867-9fb9-ad10dd89a1b2	TCGA-DU-7012-01A-11R-2026-13_mirna_gdc_realn.bam	Sequencing Reads	Aligned Reads	TCGA-LGG	TCGA-DU-7012	TCGA-DU-7012-01A	Tumor	Primary	Solid Tissue	Unknown
6ceb7d3d-5e10-48ca-b907-38a14bc12451	TCGA-DU-A76O-01A-11R-A32L-13_mirna_gdc_realn.bam	Sequencing Reads	Aligned Reads	TCGA-LGG	TCGA-DU-A76O	TCGA-DU-A76O-01A	Tumor	Primary	Solid Tissue	Unknown
359e8970-e86d-4c5a-ac26-73b90fb1b59d	TCGA-FG-A70Y-01A-12R-A34O-13_mirna_gdc_realn.bam	Sequencing Reads	Aligned Reads	TCGA-LGG	TCGA-FG-A70Y	TCGA-FG-A70Y-01A	Tumor	Primary	Solid Tissue	Unknown
3756b8ec-ccf0-4c79-891f-d07bf9887407	TCGA-CS-5390-01A-02R-1469-13_mirna_gdc_realn.bam	Sequencing Reads	Aligned Reads	TCGA-LGG	TCGA-CS-5390	TCGA-CS-5390-01A	Tumor	Primary	Solid Tissue	Unknown
0f04b6de-175a-44b6-9b6a-7ddba6c591d4	TCGA-HT-7879-01A-11R-2401-13_mirna_gdc_realn.bam	Sequencing Reads	Aligned Reads	TCGA-LGG	TCGA-HT-7879	TCGA-HT-7879-01A	Tumor	Primary	Solid Tissue	Unknown
b4f2b304-05f7-49a4-bc2f-f6b281bd762f	TCGA-DU-7309-01A-11R-2089-13_mirna_gdc_realn.bam	Sequencing Reads	Aligned Reads	TCGA-LGG	TCGA-DU-7309	TCGA-DU-7309-01A	Tumor	Primary	Solid Tissue	Unknown
0260ce60-402e-4534-80d6-36ecf844f016	TCGA-S9-A7IQ-01A-21R-A34G-13_mirna_gdc_realn.bam	Sequencing Reads	Aligned Reads	TCGA-LGG	TCGA-S9-A7IQ	TCGA-S9-A7IQ-01A	Tumor	Primary	Solid Tissue	Unknown
8045bddb-10da-403f-b9d4-4b7e00c37894	TCGA-VM-A8CA-01A-11R-A36C-13_mirna_gdc_realn.bam	Sequencing Reads	Aligned Reads	TCGA-LGG	TCGA-VM-A8CA	TCGA-VM-A8CA-01A	Tumor	Primary	Solid Tissue	Unknown
bc73d124-b0b2-46a5-a72c-c01108e6f04d	TCGA-QH-A6CX-01A-11R-A360-13_mirna_gdc_realn.bam	Sequencing Reads	Aligned Reads	TCGA-LGG	TCGA-QH-A6CX	TCGA-QH-A6CX-01A	Tumor	Primary	Solid Tissue	Unknown
9cf05d7a-4db6-46ac-92af-7187e368e19f	TCGA-HT-A61B-01A-11R-A29V-13_mirna_gdc_realn.bam	Sequencing Reads	Aligned Reads	TCGA-LGG	TCGA-HT-A61B	TCGA-HT-A61B-01A	Tumor	Primary	Solid Tissue	Unknown
01db1fef-4f7c-4aa1-854c-e73fc2a48cac	TCGA-DH-A66F-01A-11R-A29V-13_mirna_gdc_realn.bam	Sequencing Reads	Aligned Reads	TCGA-LGG	TCGA-DH-A66F	TCGA-DH-A66F-01A	Tumor	Primary	Solid Tissue	Unknown
d2d85744-9c0d-4756-9f53-dd2fd6b6c835	TCGA-DB-5277-01A-01R-1469-13_mirna_gdc_realn.bam	Sequencing Reads	Aligned Reads	TCGA-LGG	TCGA-DB-5277	TCGA-DB-5277-01A	Tumor	Primary	Solid Tissue	Unknown
12dd54b2-d7a2-4ba3-80f0-8b86e62064c4	TCGA-QH-A6X8-01A-12R-A360-13_mirna_gdc_realn.bam	Sequencing Reads	Aligned Reads	TCGA-LGG	TCGA-QH-A6X8	TCGA-QH-A6X8-01A	Tumor	Primary	Solid Tissue	Unknown
0a587351-c854-41e4-9b7f-90f06dbb1e78	TCGA-DU-A7TB-01A-11R-A342-13_mirna_gdc_realn.bam	Sequencing Reads	Aligned Reads	TCGA-LGG	TCGA-DU-A7TB	TCGA-DU-A7TB-01A	Tumor	Primary	Solid Tissue	Unknown
2a31c5bb-c090-48dc-9714-ae4c95c0e198	TCGA-HT-A616-01A-11R-A29V-13_mirna_gdc_realn.bam	Sequencing Reads	Aligned Reads	TCGA-LGG	TCGA-HT-A616	TCGA-HT-A616-01A	Tumor	Primary	Solid Tissue	Unknown
ebb897c3-f9aa-47dd-9785-1da0c2579cfb	TCGA-P5-A5EV-01A-11R-A27U-13_mirna_gdc_realn.bam	Sequencing Reads	Aligned Reads	TCGA-LGG	TCGA-P5-A5EV	TCGA-P5-A5EV-01A	Tumor	Primary	Solid Tissue	OCT
d1015306-8ad2-4c41-8471-bae065bd6388	TCGA-S9-A6WL-01A-21R-A342-13_mirna_gdc_realn.bam	Sequencing Reads	Aligned Reads	TCGA-LGG	TCGA-S9-A6WL	TCGA-S9-A6WL-01A	Tumor	Primary	Solid Tissue	Unknown
c6ff834d-72b5-441c-9934-d1b503928e0c	TCGA-TQ-A7RO-01A-11R-A342-13_mirna_gdc_realn.bam	Sequencing Reads	Aligned Reads	TCGA-LGG	TCGA-TQ-A7RO	TCGA-TQ-A7RO-01A	Tumor	Primary	Solid Tissue	Unknown
d715104a-f4b0-42dc-8bf3-1c5d31e03088	TCGA-P5-A733-01A-11R-A32L-13_mirna_gdc_realn.bam	Sequencing Reads	Aligned Reads	TCGA-LGG	TCGA-P5-A733	TCGA-P5-A733-01A	Tumor	Primary	Solid Tissue	OCT
58f8f324-7421-47a7-b3eb-4f9f39cc8e4c	TCGA-P5-A5ET-01A-11R-A27U-13_mirna_gdc_realn.bam	Sequencing Reads	Aligned Reads	TCGA-LGG	TCGA-P5-A5ET	TCGA-P5-A5ET-01A	Tumor	Primary	Solid Tissue	OCT
87753cc3-9f4e-4428-89ab-5fda9822f418	TCGA-FG-A6IZ-01A-11R-A31R-13_mirna_gdc_realn.bam	Sequencing Reads	Aligned Reads	TCGA-LGG	TCGA-FG-A6IZ	TCGA-FG-A6IZ-01A	Tumor	Primary	Solid Tissue	OCT
5396c553-d5b5-4c7e-86cb-ff406adde712	TCGA-DB-A64L-01A-11R-A29V-13_mirna_gdc_realn.bam	Sequencing Reads	Aligned Reads	TCGA-LGG	TCGA-DB-A64L	TCGA-DB-A64L-01A	Tumor	Primary	Solid Tissue	OCT
1f1caa9d-9d11-4579-8f5a-7165b82b277f	TCGA-FG-6688-01A-11R-1895-13_mirna_gdc_realn.bam	Sequencing Reads	Aligned Reads	TCGA-LGG	TCGA-FG-6688	TCGA-FG-6688-01A	Tumor	Primary	Solid Tissue	Unknown
ecd306a4-475b-462c-9a14-8fe8f617f1a5	TCGA-HT-7473-01A-11R-2026-13_mirna_gdc_realn.bam	Sequencing Reads	Aligned Reads	TCGA-LGG	TCGA-HT-7473	TCGA-HT-7473-01A	Tumor	Primary	Solid Tissue	Unknown
fe3cdf54-1d80-4332-894d-0c3705985a1b	TCGA-S9-A6TY-01A-12R-A32L-13_mirna_gdc_realn.bam	Sequencing Reads	Aligned Reads	TCGA-LGG	TCGA-S9-A6TY	TCGA-S9-A6TY-01A	Tumor	Primary	Solid Tissue	Unknown
f5b0c6a4-dc13-491a-93bd-f0ae6ff155b8	TCGA-DH-5143-01A-01R-1469-13_mirna_gdc_realn.bam	Sequencing Reads	Aligned Reads	TCGA-LGG	TCGA-DH-5143	TCGA-DH-5143-01A	Tumor	Primary	Solid Tissue	Unknown
79cc7de6-32a0-4950-86d2-3ac27e4018b0	TCGA-FG-8186-01A-11R-2255-13_mirna_gdc_realn.bam	Sequencing Reads	Aligned Reads	TCGA-LGG	TCGA-FG-8186	TCGA-FG-8186-01A	Tumor	Primary	Solid Tissue	Unknown
78427333-56be-4882-a335-e032057e5004	TCGA-FG-A4MW-01A-11R-A26Y-13_mirna_gdc_realn.bam	Sequencing Reads	Aligned Reads	TCGA-LGG	TCGA-FG-A4MW	TCGA-FG-A4MW-01A	Tumor	Primary	Solid Tissue	Unknown
4ef7c985-9648-42a9-a03d-3fd4768525d2	TCGA-DU-A5TS-01A-11R-A28I-13_mirna_gdc_realn.bam	Sequencing Reads	Aligned Reads	TCGA-LGG	TCGA-DU-A5TS	TCGA-DU-A5TS-01A	Tumor	Primary	Solid Tissue	Unknown
d12f7e04-b670-4e76-ad4f-d86955e859c1	TCGA-S9-A6UB-01A-21R-A342-13_mirna_gdc_realn.bam	Sequencing Reads	Aligned Reads	TCGA-LGG	TCGA-S9-A6UB	TCGA-S9-A6UB-01A	Tumor	Primary	Solid Tissue	Unknown
35212c2a-4d96-426f-996c-4f69d74728e2	TCGA-DU-5871-01A-12R-1707-13_mirna_gdc_realn.bam	Sequencing Reads	Aligned Reads	TCGA-LGG	TCGA-DU-5871	TCGA-DU-5871-01A	Tumor	Primary	Solid Tissue	Unknown
2b1a5f66-99d0-4d8c-b61a-f932dae4c53d	TCGA-DB-A64W-01A-11R-A29V-13_mirna_gdc_realn.bam	Sequencing Reads	Aligned Reads	TCGA-LGG	TCGA-DB-A64W	TCGA-DB-A64W-01A	Tumor	Primary	Solid Tissue	OCT
872a1d1d-3758-423c-a204-b8a58b29dd1d	TCGA-TQ-A7RJ-01A-11R-A342-13_mirna_gdc_realn.bam	Sequencing Reads	Aligned Reads	TCGA-LGG	TCGA-TQ-A7RJ	TCGA-TQ-A7RJ-01A	Tumor	Primary	Solid Tissue	Unknown
6eae5402-0a05-4008-9ac9-48ab36bd8823	TCGA-DU-7290-01A-11R-2026-13_mirna_gdc_realn.bam	Sequencing Reads	Aligned Reads	TCGA-LGG	TCGA-DU-7290	TCGA-DU-7290-01A	Tumor	Primary	Solid Tissue	Unknown
866a0e6b-4a2b-4259-b892-9bf1d1c28c2b	TCGA-HT-A617-01A-11R-A29V-13_mirna_gdc_realn.bam	Sequencing Reads	Aligned Reads	TCGA-LGG	TCGA-HT-A617	TCGA-HT-A617-01A	Tumor	Primary	Solid Tissue	Unknown
d8804a0a-fb5e-4cb3-b160-3523c8beb53a	TCGA-HT-A5R9-01A-11R-A28I-13_mirna_gdc_realn.bam	Sequencing Reads	Aligned Reads	TCGA-LGG	TCGA-HT-A5R9	TCGA-HT-A5R9-01A	Tumor	Primary	Solid Tissue	OCT
44c6e87e-7825-419b-9301-ff5dacaf44d4	TCGA-QH-A6CY-01A-11R-A32L-13_mirna_gdc_realn.bam	Sequencing Reads	Aligned Reads	TCGA-LGG	TCGA-QH-A6CY	TCGA-QH-A6CY-01A	Tumor	Primary	Solid Tissue	Unknown
2b16fcab-0942-4cb7-b029-34a6d00d80bc	TCGA-TQ-A7RQ-01A-11R-A342-13_mirna_gdc_realn.bam	Sequencing Reads	Aligned Reads	TCGA-LGG	TCGA-TQ-A7RQ	TCGA-TQ-A7RQ-01A	Tumor	Primary	Solid Tissue	Unknown
f8fae43b-8770-4dfd-bac4-3a7b17e904d1	TCGA-FG-A4MT-01A-11R-A26Y-13_mirna_gdc_realn.bam	Sequencing Reads	Aligned Reads	TCGA-LGG	TCGA-FG-A4MT	TCGA-FG-A4MT-01A	Tumor	Primary	Solid Tissue	Unknown
c2ffec71-5e99-4894-90d8-4e9861f91d34	TCGA-DU-A7TD-01A-12R-A34G-13_mirna_gdc_realn.bam	Sequencing Reads	Aligned Reads	TCGA-LGG	TCGA-DU-A7TD	TCGA-DU-A7TD-01A	Tumor	Primary	Solid Tissue	Unknown
687af2b1-dde9-478f-abf4-edcf854f2a57	TCGA-FG-6691-01A-11R-1895-13_mirna_gdc_realn.bam	Sequencing Reads	Aligned Reads	TCGA-LGG	TCGA-FG-6691	TCGA-FG-6691-01A	Tumor	Primary	Solid Tissue	Unknown
9e4020ea-f69d-474e-a649-d71d2272ba04	TCGA-HT-8013-01A-11R-2401-13_mirna_gdc_realn.bam	Sequencing Reads	Aligned Reads	TCGA-LGG	TCGA-HT-8013	TCGA-HT-8013-01A	Tumor	Primary	Solid Tissue	Unknown
10e258ac-8086-4e4a-b5a9-c7f7cfa0f707	TCGA-DU-6397-01A-11R-1707-13_mirna_gdc_realn.bam	Sequencing Reads	Aligned Reads	TCGA-LGG	TCGA-DU-6397	TCGA-DU-6397-01A	Tumor	Primary	Solid Tissue	Unknown
9c61773b-dce2-42c8-9fcb-83856030761c	TCGA-S9-A6UA-01A-12R-A342-13_mirna_gdc_realn.bam	Sequencing Reads	Aligned Reads	TCGA-LGG	TCGA-S9-A6UA	TCGA-S9-A6UA-01A	Tumor	Primary	Solid Tissue	Unknown
6fe7df97-7920-403f-85fb-f08261aa2c1c	TCGA-HT-7468-01A-11R-2026-13_mirna_gdc_realn.bam	Sequencing Reads	Aligned Reads	TCGA-LGG	TCGA-HT-7468	TCGA-HT-7468-01A	Tumor	Primary	Solid Tissue	Unknown
1d104a36-5e37-4e4a-aab8-46dd750b9c6f	TCGA-HT-7690-01A-11R-2255-13_mirna_gdc_realn.bam	Sequencing Reads	Aligned Reads	TCGA-LGG	TCGA-HT-7690	TCGA-HT-7690-01A	Tumor	Primary	Solid Tissue	Unknown
212bfa56-3097-49d9-8637-6dc13ee5cb5b	TCGA-HT-7601-01A-11R-2089-13_mirna_gdc_realn.bam	Sequencing Reads	Aligned Reads	TCGA-LGG	TCGA-HT-7601	TCGA-HT-7601-01A	Tumor	Primary	Solid Tissue	Unknown
c15d1793-0367-4665-834f-ace7f4c7d70e	TCGA-HT-A615-01A-11R-A29V-13_mirna_gdc_realn.bam	Sequencing Reads	Aligned Reads	TCGA-LGG	TCGA-HT-A615	TCGA-HT-A615-01A	Tumor	Primary	Solid Tissue	Unknown
7227b6ae-928a-4db3-90eb-87dd056da36f	TCGA-CS-5393-01A-01R-1469-13_mirna_gdc_realn.bam	Sequencing Reads	Aligned Reads	TCGA-LGG	TCGA-CS-5393	TCGA-CS-5393-01A	Tumor	Primary	Solid Tissue	Unknown
1a8a195a-0200-4aac-8772-23e98f78c04c	TCGA-HT-7877-01A-11R-2401-13_mirna_gdc_realn.bam	Sequencing Reads	Aligned Reads	TCGA-LGG	TCGA-HT-7877	TCGA-HT-7877-01A	Tumor	Primary	Solid Tissue	Unknown
ba9bdaff-0343-41c6-8373-f93fcd4e7ec5	TCGA-DU-5870-01A-11R-1707-13_mirna_gdc_realn.bam	Sequencing Reads	Aligned Reads	TCGA-LGG	TCGA-DU-5870	TCGA-DU-5870-01A	Tumor	Primary	Solid Tissue	Unknown
e0b63eb2-fd75-4bd5-be46-65b896a6bcd6	TCGA-DU-7015-01A-11R-2026-13_mirna_gdc_realn.bam	Sequencing Reads	Aligned Reads	TCGA-LGG	TCGA-DU-7015	TCGA-DU-7015-01A	Tumor	Primary	Solid Tissue	Unknown
cf89b0ec-d416-4caa-9133-43dfba483d0f	TCGA-TM-A84H-01A-11R-A36C-13_mirna_gdc_realn.bam	Sequencing Reads	Aligned Reads	TCGA-LGG	TCGA-TM-A84H	TCGA-TM-A84H-01A	Tumor	Primary	Solid Tissue	Unknown
5ee4e942-f15f-423d-818a-316b97097914	TCGA-TM-A84B-01A-11R-A36C-13_mirna_gdc_realn.bam	Sequencing Reads	Aligned Reads	TCGA-LGG	TCGA-TM-A84B	TCGA-TM-A84B-01A	Tumor	Primary	Solid Tissue	Unknown
cb70e64b-d4a7-4b11-8a00-20aa951902b2	TCGA-P5-A77W-01A-11R-A32L-13_mirna_gdc_realn.bam	Sequencing Reads	Aligned Reads	TCGA-LGG	TCGA-P5-A77W	TCGA-P5-A77W-01A	Tumor	Primary	Solid Tissue	OCT
02bcc6fc-ecb4-4268-9924-321c3eef41a0	TCGA-DU-A7TA-01A-11R-A342-13_mirna_gdc_realn.bam	Sequencing Reads	Aligned Reads	TCGA-LGG	TCGA-DU-A7TA	TCGA-DU-A7TA-01A	Tumor	Primary	Solid Tissue	Unknown
7457dbd5-904e-4a91-b2ba-a6ea2b222cfb	TCGA-HT-A61A-01A-11R-A29V-13_mirna_gdc_realn.bam	Sequencing Reads	Aligned Reads	TCGA-LGG	TCGA-HT-A61A	TCGA-HT-A61A-01A	Tumor	Primary	Solid Tissue	Unknown
875594f3-912a-4c21-8cd9-b94c96e1fed9	TCGA-DH-A66D-01A-11R-A31R-13_mirna_gdc_realn.bam	Sequencing Reads	Aligned Reads	TCGA-LGG	TCGA-DH-A66D	TCGA-DH-A66D-01A	Tumor	Primary	Solid Tissue	Unknown
ee4a4d87-1546-4015-b5d1-8f3382a98146	TCGA-DU-7018-01A-11R-2026-13_mirna_gdc_realn.bam	Sequencing Reads	Aligned Reads	TCGA-LGG	TCGA-DU-7018	TCGA-DU-7018-01A	Tumor	Primary	Solid Tissue	Unknown
95d46fb0-ee94-4594-a8ef-f5452b1cacb6	TCGA-HT-8107-01A-13R-2401-13_mirna_gdc_realn.bam	Sequencing Reads	Aligned Reads	TCGA-LGG	TCGA-HT-8107	TCGA-HT-8107-01A	Tumor	Primary	Solid Tissue	Unknown
eb1e5b27-1777-4e23-b49f-f13ba7a4eb35	TCGA-HT-7467-01A-11R-2026-13_mirna_gdc_realn.bam	Sequencing Reads	Aligned Reads	TCGA-LGG	TCGA-HT-7467	TCGA-HT-7467-01A	Tumor	Primary	Solid Tissue	Unknown
4744e42b-115e-4a99-a085-02fac1433329	TCGA-TQ-A7RF-01A-11R-A342-13_mirna_gdc_realn.bam	Sequencing Reads	Aligned Reads	TCGA-LGG	TCGA-TQ-A7RF	TCGA-TQ-A7RF-01A	Tumor	Primary	Solid Tissue	Unknown
65d2424f-297f-463a-94e3-2d644b69badd	TCGA-HT-8564-01A-11R-2401-13_mirna_gdc_realn.bam	Sequencing Reads	Aligned Reads	TCGA-LGG	TCGA-HT-8564	TCGA-HT-8564-01A	Tumor	Primary	Solid Tissue	Unknown
129ccc33-8caf-49cb-9740-f84ba181d5d6	TCGA-WY-A85C-01A-11R-A36C-13_mirna_gdc_realn.bam	Sequencing Reads	Aligned Reads	TCGA-LGG	TCGA-WY-A85C	TCGA-WY-A85C-01A	Tumor	Primary	Solid Tissue	OCT
6edf931a-6a81-4801-8187-39b952a3677d	TCGA-S9-A7IS-01A-11R-A34G-13_mirna_gdc_realn.bam	Sequencing Reads	Aligned Reads	TCGA-LGG	TCGA-S9-A7IS	TCGA-S9-A7IS-01A	Tumor	Primary	Solid Tissue	Unknown
9e9c041b-3ce2-4b63-928d-84a53b105faf	TCGA-S9-A6WM-01A-12R-A342-13_mirna_gdc_realn.bam	Sequencing Reads	Aligned Reads	TCGA-LGG	TCGA-S9-A6WM	TCGA-S9-A6WM-01A	Tumor	Primary	Solid Tissue	Unknown
3cbef4d8-a50c-4f11-abbe-4cd97fb78ab6	TCGA-E1-A7YE-01A-11R-A34G-13_mirna_gdc_realn.bam	Sequencing Reads	Aligned Reads	TCGA-LGG	TCGA-E1-A7YE	TCGA-E1-A7YE-01A	Tumor	Primary	Solid Tissue	OCT
188e556c-de2d-448d-8871-3ca6338dbe7a	TCGA-TQ-A7RW-01A-11R-A342-13_mirna_gdc_realn.bam	Sequencing Reads	Aligned Reads	TCGA-LGG	TCGA-TQ-A7RW	TCGA-TQ-A7RW-01A	Tumor	Primary	Solid Tissue	Unknown
d9f904c1-6408-4ae6-a791-2e4835eee6be	TCGA-DU-8164-01A-11R-2255-13_mirna_gdc_realn.bam	Sequencing Reads	Aligned Reads	TCGA-LGG	TCGA-DU-8164	TCGA-DU-8164-01A	Tumor	Primary	Solid Tissue	Unknown
5f50104c-810e-4004-8915-94d877510fb5	TCGA-FG-8185-01A-11R-2255-13_mirna_gdc_realn.bam	Sequencing Reads	Aligned Reads	TCGA-LGG	TCGA-FG-8185	TCGA-FG-8185-01A	Tumor	Primary	Solid Tissue	Unknown
39e2f607-5ae4-438f-80fa-0647e4bcf8ae	TCGA-DB-A4XB-01A-11R-A26Y-13_mirna_gdc_realn.bam	Sequencing Reads	Aligned Reads	TCGA-LGG	TCGA-DB-A4XB	TCGA-DB-A4XB-01A	Tumor	Primary	Solid Tissue	OCT
a8e202e6-6131-444e-afa7-3a55cedfd69a	TCGA-HT-7681-01A-11R-2401-13_mirna_gdc_realn.bam	Sequencing Reads	Aligned Reads	TCGA-LGG	TCGA-HT-7681	TCGA-HT-7681-01A	Tumor	Primary	Solid Tissue	Unknown
133d16d1-d0a6-4e44-97f5-08a14778761c	TCGA-CS-4941-01A-01R-1469-13_mirna_gdc_realn.bam	Sequencing Reads	Aligned Reads	TCGA-LGG	TCGA-CS-4941	TCGA-CS-4941-01A	Tumor	Primary	Solid Tissue	Unknown
3e615219-9bca-40a2-bdb2-7ef22e6f7152	TCGA-E1-A7YU-01A-11R-A34O-13_mirna_gdc_realn.bam	Sequencing Reads	Aligned Reads	TCGA-LGG	TCGA-E1-A7YU	TCGA-E1-A7YU-01A	Tumor	Primary	Solid Tissue	OCT
4b95cced-93cd-4052-9bd1-cc76232ab0d9	TCGA-DU-6392-01A-11R-1707-13_mirna_gdc_realn.bam	Sequencing Reads	Aligned Reads	TCGA-LGG	TCGA-DU-6392	TCGA-DU-6392-01A	Tumor	Primary	Solid Tissue	Unknown
3e7365f2-b63a-44be-b062-5de42d1ea11b	TCGA-HT-A74H-01A-11R-A32L-13_mirna_gdc_realn.bam	Sequencing Reads	Aligned Reads	TCGA-LGG	TCGA-HT-A74H	TCGA-HT-A74H-01A	Tumor	Primary	Solid Tissue	OCT
ac132a5b-a770-4fd6-a2e5-7684f89c10f1	TCGA-HT-7860-01A-11R-2401-13_mirna_gdc_realn.bam	Sequencing Reads	Aligned Reads	TCGA-LGG	TCGA-HT-7860	TCGA-HT-7860-01A	Tumor	Primary	Solid Tissue	Unknown
d9d5b342-2796-4807-a6d8-11b42730c9a5	TCGA-FG-A4MY-01A-11R-A26Y-13_mirna_gdc_realn.bam	Sequencing Reads	Aligned Reads	TCGA-LGG	TCGA-FG-A4MY	TCGA-FG-A4MY-01A	Tumor	Primary	Solid Tissue	Unknown
c08ad5f0-b9dc-42be-88bf-0c4eba339968	TCGA-HT-7483-01A-11R-2026-13_mirna_gdc_realn.bam	Sequencing Reads	Aligned Reads	TCGA-LGG	TCGA-HT-7483	TCGA-HT-7483-01A	Tumor	Primary	Solid Tissue	Unknown
d554ebd5-27cf-4996-996d-087d766321a2	TCGA-HT-8106-01A-11R-2401-13_mirna_gdc_realn.bam	Sequencing Reads	Aligned Reads	TCGA-LGG	TCGA-HT-8106	TCGA-HT-8106-01A	Tumor	Primary	Solid Tissue	Unknown
cdb4b3e9-a7f5-4644-ae99-b7d48ffda311	TCGA-P5-A5EY-01A-11R-A27U-13_mirna_gdc_realn.bam	Sequencing Reads	Aligned Reads	TCGA-LGG	TCGA-P5-A5EY	TCGA-P5-A5EY-01A	Tumor	Primary	Solid Tissue	OCT
f0c9d8d9-4145-4a21-b029-1a513747190a	TCGA-QH-A6X3-01A-21R-A32L-13_mirna_gdc_realn.bam	Sequencing Reads	Aligned Reads	TCGA-LGG	TCGA-QH-A6X3	TCGA-QH-A6X3-01A	Tumor	Primary	Solid Tissue	Unknown
09c9a19f-2b7c-44c1-b177-8040a032077a	TCGA-R8-A73M-01A-11R-A360-13_mirna_gdc_realn.bam	Sequencing Reads	Aligned Reads	TCGA-LGG	TCGA-R8-A73M	TCGA-R8-A73M-01A	Tumor	Primary	Solid Tissue	OCT
f7c9bb0f-a185-45ee-ac3b-8a2ccf8e477b	TCGA-CS-6670-01A-11R-1895-13_mirna_gdc_realn.bam	Sequencing Reads	Aligned Reads	TCGA-LGG	TCGA-CS-6670	TCGA-CS-6670-01A	Tumor	Primary	Solid Tissue	Unknown
6f7fd9e7-6141-4a00-856f-9d502c68919b	TCGA-HT-8563-01A-11R-2401-13_mirna_gdc_realn.bam	Sequencing Reads	Aligned Reads	TCGA-LGG	TCGA-HT-8563	TCGA-HT-8563-01A	Tumor	Primary	Solid Tissue	Unknown
24948847-3761-4a9a-81a7-1c94b1395992	TCGA-DB-5270-01A-02R-1469-13_mirna_gdc_realn.bam	Sequencing Reads	Aligned Reads	TCGA-LGG	TCGA-DB-5270	TCGA-DB-5270-01A	Tumor	Primary	Solid Tissue	Unknown
514d6a87-b382-497d-8516-4110d6e28d09	TCGA-DB-5273-01A-01R-1469-13_mirna_gdc_realn.bam	Sequencing Reads	Aligned Reads	TCGA-LGG	TCGA-DB-5273	TCGA-DB-5273-01A	Tumor	Primary	Solid Tissue	Unknown
c1c4c7f0-1daf-40e6-a6d8-ff81cd7f0ae6	TCGA-CS-6665-01A-11R-1895-13_mirna_gdc_realn.bam	Sequencing Reads	Aligned Reads	TCGA-LGG	TCGA-CS-6665	TCGA-CS-6665-01A	Tumor	Primary	Solid Tissue	Unknown
369c1710-c6e1-41ba-98d8-d3db8e146aa7	TCGA-DB-A4XH-01A-11R-A27U-13_mirna_gdc_realn.bam	Sequencing Reads	Aligned Reads	TCGA-LGG	TCGA-DB-A4XH	TCGA-DB-A4XH-01A	Tumor	Primary	Solid Tissue	OCT
1beab9f1-831f-4e4d-825e-151a3dbb9dcc	TCGA-DB-A64P-01A-11R-A29V-13_mirna_gdc_realn.bam	Sequencing Reads	Aligned Reads	TCGA-LGG	TCGA-DB-A64P	TCGA-DB-A64P-01A	Tumor	Primary	Solid Tissue	OCT
174ce6f3-cb94-4f27-ab35-7d8b2663cd11	TCGA-S9-A6WE-01A-12R-A342-13_mirna_gdc_realn.bam	Sequencing Reads	Aligned Reads	TCGA-LGG	TCGA-S9-A6WE	TCGA-S9-A6WE-01A	Tumor	Primary	Solid Tissue	Unknown
ef8330fd-0e14-4925-b5a9-6d8c53cb3c38	TCGA-DU-8168-01A-11R-2255-13_mirna_gdc_realn.bam	Sequencing Reads	Aligned Reads	TCGA-LGG	TCGA-DU-8168	TCGA-DU-8168-01A	Tumor	Primary	Solid Tissue	Unknown
a7257bb2-fe07-4dd6-8ce6-cd7bbca4378f	TCGA-DU-6542-01A-11R-1895-13_mirna_gdc_realn.bam	Sequencing Reads	Aligned Reads	TCGA-LGG	TCGA-DU-6542	TCGA-DU-6542-01A	Tumor	Primary	Solid Tissue	Unknown
42e1f68e-bf5a-4f96-b805-ccaac36c3b7c	TCGA-HT-7694-01A-11R-2255-13_mirna_gdc_realn.bam	Sequencing Reads	Aligned Reads	TCGA-LGG	TCGA-HT-7694	TCGA-HT-7694-01A	Tumor	Primary	Solid Tissue	Unknown
334d43b0-a2f9-463e-a1d6-7250ea236405	TCGA-WH-A86K-01A-11R-A36C-13_mirna_gdc_realn.bam	Sequencing Reads	Aligned Reads	TCGA-LGG	TCGA-WH-A86K	TCGA-WH-A86K-01A	Tumor	Primary	Solid Tissue	Unknown
62ac7e3b-8069-4e7e-80b1-aef6912e65e0	TCGA-EZ-7264-01A-11R-2026-13_mirna_gdc_realn.bam	Sequencing Reads	Aligned Reads	TCGA-LGG	TCGA-EZ-7264	TCGA-EZ-7264-01A	Tumor	Primary	Solid Tissue	Unknown
abf277bb-d1c7-4d07-97b9-3f25c28a9437	TCGA-FG-8181-01A-11R-2255-13_mirna_gdc_realn.bam	Sequencing Reads	Aligned Reads	TCGA-LGG	TCGA-FG-8181	TCGA-FG-8181-01A	Tumor	Primary	Solid Tissue	Unknown
